time,电网功率(kW),正向有功总电能,反向有功总电能
2026-02-26 00:00:00,45.0,0.75,0.0
2026-02-26 00:01:00,45.0,1.5,0.0
2026-02-26 00:02:00,45.0,2.25,0.0
2026-02-26 00:03:00,45.0,3.0,0.0
2026-02-26 00:04:00,45.0,3.75,0.0
2026-02-26 00:05:00,45.0,4.5,0.0
2026-02-26 00:06:00,45.0,5.25,0.0
2026-02-26 00:07:00,45.0,6.0,0.0
2026-02-26 00:08:00,45.0,6.75,0.0
2026-02-26 00:09:00,45.0,7.5,0.0
2026-02-26 00:10:00,45.0,8.25,0.0
2026-02-26 00:11:00,45.0,9.0,0.0
2026-02-26 00:12:00,45.0,9.75,0.0
2026-02-26 00:13:00,45.0,10.5,0.0
2026-02-26 00:14:00,45.0,11.25,0.0
2026-02-26 00:15:00,45.0,12.0,0.0
2026-02-26 00:16:00,45.0,12.75,0.0
2026-02-26 00:17:00,45.0,13.5,0.0
2026-02-26 00:18:00,45.0,14.25,0.0
2026-02-26 00:19:00,45.0,15.0,0.0
2026-02-26 00:20:00,45.0,15.75,0.0
2026-02-26 00:21:00,45.0,16.5,0.0
2026-02-26 00:22:00,45.0,17.25,0.0
2026-02-26 00:23:00,45.0,18.0,0.0
2026-02-26 00:24:00,45.0,18.75,0.0
2026-02-26 00:25:00,45.0,19.5,0.0
2026-02-26 00:26:00,45.0,20.25,0.0
2026-02-26 00:27:00,45.0,21.0,0.0
2026-02-26 00:28:00,45.0,21.75,0.0
2026-02-26 00:29:00,45.0,22.5,0.0
2026-02-26 00:30:00,45.0,23.25,0.0
2026-02-26 00:31:00,45.0,24.0,0.0
2026-02-26 00:32:00,45.0,24.75,0.0
2026-02-26 00:33:00,45.0,25.5,0.0
2026-02-26 00:34:00,45.0,26.25,0.0
2026-02-26 00:35:00,45.0,27.0,0.0
2026-02-26 00:36:00,45.0,27.75,0.0
2026-02-26 00:37:00,45.0,28.5,0.0
2026-02-26 00:38:00,45.0,29.25,0.0
2026-02-26 00:39:00,45.0,30.0,0.0
2026-02-26 00:40:00,45.0,30.75,0.0
2026-02-26 00:41:00,45.0,31.5,0.0
2026-02-26 00:42:00,45.0,32.25,0.0
2026-02-26 00:43:00,45.0,33.0,0.0
2026-02-26 00:44:00,45.0,33.75,0.0
2026-02-26 00:45:00,45.0,34.5,0.0
2026-02-26 00:46:00,45.0,35.25,0.0
2026-02-26 00:47:00,45.0,36.0,0.0
2026-02-26 00:48:00,45.0,36.75,0.0
2026-02-26 00:49:00,45.0,37.5,0.0
2026-02-26 00:50:00,45.0,38.25,0.0
2026-02-26 00:51:00,45.0,39.0,0.0
2026-02-26 00:52:00,45.0,39.75,0.0
2026-02-26 00:53:00,45.0,40.5,0.0
2026-02-26 00:54:00,45.0,41.25,0.0
2026-02-26 00:55:00,45.0,42.0,0.0
2026-02-26 00:56:00,45.0,42.75,0.0
2026-02-26 00:57:00,45.0,43.5,0.0
2026-02-26 00:58:00,45.0,44.25,0.0
2026-02-26 00:59:00,45.0,45.0,0.0
2026-02-26 01:00:00,45.0,45.75,0.0
2026-02-26 01:01:00,45.0,46.5,0.0
2026-02-26 01:02:00,45.0,47.25,0.0
2026-02-26 01:03:00,45.0,48.0,0.0
2026-02-26 01:04:00,45.0,48.75,0.0
2026-02-26 01:05:00,45.0,49.5,0.0
2026-02-26 01:06:00,45.0,50.25,0.0
2026-02-26 01:07:00,45.0,51.0,0.0
2026-02-26 01:08:00,45.0,51.75,0.0
2026-02-26 01:09:00,45.0,52.5,0.0
2026-02-26 01:10:00,45.0,53.25,0.0
2026-02-26 01:11:00,45.0,54.0,0.0
2026-02-26 01:12:00,45.0,54.75,0.0
2026-02-26 01:13:00,45.0,55.5,0.0
2026-02-26 01:14:00,45.0,56.25,0.0
2026-02-26 01:15:00,45.0,57.0,0.0
2026-02-26 01:16:00,45.0,57.75,0.0
2026-02-26 01:17:00,45.0,58.5,0.0
2026-02-26 01:18:00,45.0,59.25,0.0
2026-02-26 01:19:00,45.0,60.0,0.0
2026-02-26 01:20:00,45.0,60.75,0.0
2026-02-26 01:21:00,45.0,61.5,0.0
2026-02-26 01:22:00,45.0,62.25,0.0
2026-02-26 01:23:00,45.0,63.0,0.0
2026-02-26 01:24:00,45.0,63.75,0.0
2026-02-26 01:25:00,45.0,64.5,0.0
2026-02-26 01:26:00,45.0,65.25,0.0
2026-02-26 01:27:00,45.0,66.0,0.0
2026-02-26 01:28:00,45.0,66.75,0.0
2026-02-26 01:29:00,45.0,67.5,0.0
2026-02-26 01:30:00,45.0,68.25,0.0
2026-02-26 01:31:00,45.0,69.0,0.0
2026-02-26 01:32:00,45.0,69.75,0.0
2026-02-26 01:33:00,45.0,70.5,0.0
2026-02-26 01:34:00,45.0,71.25,0.0
2026-02-26 01:35:00,45.0,72.0,0.0
2026-02-26 01:36:00,45.0,72.75,0.0
2026-02-26 01:37:00,45.0,73.5,0.0
2026-02-26 01:38:00,45.0,74.25,0.0
2026-02-26 01:39:00,45.0,75.0,0.0
2026-02-26 01:40:00,45.0,75.75,0.0
2026-02-26 01:41:00,45.0,76.5,0.0
2026-02-26 01:42:00,45.0,77.25,0.0
2026-02-26 01:43:00,45.0,78.0,0.0
2026-02-26 01:44:00,45.0,78.75,0.0
2026-02-26 01:45:00,45.0,79.5,0.0
2026-02-26 01:46:00,45.0,80.25,0.0
2026-02-26 01:47:00,45.0,81.0,0.0
2026-02-26 01:48:00,45.0,81.75,0.0
2026-02-26 01:49:00,45.0,82.5,0.0
2026-02-26 01:50:00,45.0,83.25,0.0
2026-02-26 01:51:00,45.0,84.0,0.0
2026-02-26 01:52:00,45.0,84.75,0.0
2026-02-26 01:53:00,45.0,85.5,0.0
2026-02-26 01:54:00,45.0,86.25,0.0
2026-02-26 01:55:00,45.0,87.0,0.0
2026-02-26 01:56:00,45.0,87.75,0.0
2026-02-26 01:57:00,45.0,88.5,0.0
2026-02-26 01:58:00,45.0,89.25,0.0
2026-02-26 01:59:00,45.0,90.0,0.0
2026-02-26 02:00:00,55.0,90.9167,0.0
2026-02-26 02:01:00,55.0,91.8333,0.0
2026-02-26 02:02:00,55.0,92.75,0.0
2026-02-26 02:03:00,55.0,93.6667,0.0
2026-02-26 02:04:00,55.0,94.5833,0.0
2026-02-26 02:05:00,55.0,95.5,0.0
2026-02-26 02:06:00,55.0,96.4167,0.0
2026-02-26 02:07:00,55.0,97.3333,0.0
2026-02-26 02:08:00,55.0,98.25,0.0
2026-02-26 02:09:00,55.0,99.1667,0.0
2026-02-26 02:10:00,55.0,100.0833,0.0
2026-02-26 02:11:00,55.0,101.0,0.0
2026-02-26 02:12:00,55.0,101.9167,0.0
2026-02-26 02:13:00,55.0,102.8333,0.0
2026-02-26 02:14:00,55.0,103.75,0.0
2026-02-26 02:15:00,55.0,104.6667,0.0
2026-02-26 02:16:00,55.0,105.5833,0.0
2026-02-26 02:17:00,55.0,106.5,0.0
2026-02-26 02:18:00,55.0,107.4167,0.0
2026-02-26 02:19:00,55.0,108.3333,0.0
2026-02-26 02:20:00,55.0,109.25,0.0
2026-02-26 02:21:00,55.0,110.1667,0.0
2026-02-26 02:22:00,55.0,111.0833,0.0
2026-02-26 02:23:00,55.0,112.0,0.0
2026-02-26 02:24:00,55.0,112.9167,0.0
2026-02-26 02:25:00,55.0,113.8333,0.0
2026-02-26 02:26:00,55.0,114.75,0.0
2026-02-26 02:27:00,55.0,115.6667,0.0
2026-02-26 02:28:00,55.0,116.5833,0.0
2026-02-26 02:29:00,55.0,117.5,0.0
2026-02-26 02:30:00,55.0,118.4167,0.0
2026-02-26 02:31:00,55.0,119.3333,0.0
2026-02-26 02:32:00,55.0,120.25,0.0
2026-02-26 02:33:00,55.0,121.1667,0.0
2026-02-26 02:34:00,55.0,122.0833,0.0
2026-02-26 02:35:00,55.0,123.0,0.0
2026-02-26 02:36:00,55.0,123.9167,0.0
2026-02-26 02:37:00,55.0,124.8333,0.0
2026-02-26 02:38:00,55.0,125.75,0.0
2026-02-26 02:39:00,55.0,126.6667,0.0
2026-02-26 02:40:00,55.0,127.5833,0.0
2026-02-26 02:41:00,55.0,128.5,0.0
2026-02-26 02:42:00,55.0,129.4167,0.0
2026-02-26 02:43:00,55.0,130.3333,0.0
2026-02-26 02:44:00,55.0,131.25,0.0
2026-02-26 02:45:00,55.0,132.1667,0.0
2026-02-26 02:46:00,55.0,133.0833,0.0
2026-02-26 02:47:00,55.0,134.0,0.0
2026-02-26 02:48:00,55.0,134.9167,0.0
2026-02-26 02:49:00,55.0,135.8333,0.0
2026-02-26 02:50:00,55.0,136.75,0.0
2026-02-26 02:51:00,55.0,137.6667,0.0
2026-02-26 02:52:00,55.0,138.5833,0.0
2026-02-26 02:53:00,55.0,139.5,0.0
2026-02-26 02:54:00,55.0,140.4167,0.0
2026-02-26 02:55:00,55.0,141.3333,0.0
2026-02-26 02:56:00,55.0,142.25,0.0
2026-02-26 02:57:00,55.0,143.1667,0.0
2026-02-26 02:58:00,55.0,144.0833,0.0
2026-02-26 02:59:00,55.0,145.0,0.0
2026-02-26 03:00:00,55.0,145.9167,0.0
2026-02-26 03:01:00,55.0,146.8333,0.0
2026-02-26 03:02:00,55.0,147.75,0.0
2026-02-26 03:03:00,55.0,148.6667,0.0
2026-02-26 03:04:00,55.0,149.5833,0.0
2026-02-26 03:05:00,55.0,150.5,0.0
2026-02-26 03:06:00,55.0,151.4167,0.0
2026-02-26 03:07:00,55.0,152.3333,0.0
2026-02-26 03:08:00,55.0,153.25,0.0
2026-02-26 03:09:00,55.0,154.1667,0.0
2026-02-26 03:10:00,55.0,155.0833,0.0
2026-02-26 03:11:00,55.0,156.0,0.0
2026-02-26 03:12:00,55.0,156.9167,0.0
2026-02-26 03:13:00,55.0,157.8333,0.0
2026-02-26 03:14:00,55.0,158.75,0.0
2026-02-26 03:15:00,55.0,159.6667,0.0
2026-02-26 03:16:00,55.0,160.5834,0.0
2026-02-26 03:17:00,55.0,161.5,0.0
2026-02-26 03:18:00,55.0,162.4167,0.0
2026-02-26 03:19:00,55.0,163.3334,0.0
2026-02-26 03:20:00,55.0,164.25,0.0
2026-02-26 03:21:00,55.0,165.1667,0.0
2026-02-26 03:22:00,55.0,166.0834,0.0
2026-02-26 03:23:00,55.0,167.0,0.0
2026-02-26 03:24:00,55.0,167.9167,0.0
2026-02-26 03:25:00,55.0,168.8334,0.0
2026-02-26 03:26:00,55.0,169.75,0.0
2026-02-26 03:27:00,55.0,170.6667,0.0
2026-02-26 03:28:00,55.0,171.5834,0.0
2026-02-26 03:29:00,55.0,172.5,0.0
2026-02-26 03:30:00,55.0,173.4167,0.0
2026-02-26 03:31:00,55.0,174.3334,0.0
2026-02-26 03:32:00,55.0,175.2501,0.0
2026-02-26 03:33:00,55.0,176.1667,0.0
2026-02-26 03:34:00,55.0,177.0834,0.0
2026-02-26 03:35:00,55.0,178.0001,0.0
2026-02-26 03:36:00,55.0,178.9167,0.0
2026-02-26 03:37:00,55.0,179.8334,0.0
2026-02-26 03:38:00,55.0,180.7501,0.0
2026-02-26 03:39:00,55.0,181.6668,0.0
2026-02-26 03:40:00,55.0,182.5834,0.0
2026-02-26 03:41:00,55.0,183.5001,0.0
2026-02-26 03:42:00,55.0,184.4168,0.0
2026-02-26 03:43:00,55.0,185.3335,0.0
2026-02-26 03:44:00,55.001,186.2501,0.0
2026-02-26 03:45:00,55.001,187.1668,0.0
2026-02-26 03:46:00,55.001,188.0835,0.0
2026-02-26 03:47:00,55.001,189.0002,0.0
2026-02-26 03:48:00,55.001,189.9168,0.0
2026-02-26 03:49:00,55.001,190.8335,0.0
2026-02-26 03:50:00,55.001,191.7502,0.0
2026-02-26 03:51:00,55.001,192.6669,0.0
2026-02-26 03:52:00,55.001,193.5836,0.0
2026-02-26 03:53:00,55.001,194.5002,0.0
2026-02-26 03:54:00,55.001,195.4169,0.0
2026-02-26 03:55:00,55.001,196.3336,0.0
2026-02-26 03:56:00,55.001,197.2503,0.0
2026-02-26 03:57:00,55.001,198.167,0.0
2026-02-26 03:58:00,55.001,199.0837,0.0
2026-02-26 03:59:00,55.001,200.0004,0.0
2026-02-26 04:00:00,55.002,200.9171,0.0
2026-02-26 04:01:00,55.002,201.8338,0.0
2026-02-26 04:02:00,55.002,202.7504,0.0
2026-02-26 04:03:00,55.002,203.6671,0.0
2026-02-26 04:04:00,55.002,204.5838,0.0
2026-02-26 04:05:00,55.002,205.5005,0.0
2026-02-26 04:06:00,55.002,206.4172,0.0
2026-02-26 04:07:00,55.002,207.334,0.0
2026-02-26 04:08:00,55.002,208.2507,0.0
2026-02-26 04:09:00,55.003,209.1674,0.0
2026-02-26 04:10:00,55.003,210.0841,0.0
2026-02-26 04:11:00,55.003,211.0008,0.0
2026-02-26 04:12:00,55.003,211.9175,0.0
2026-02-26 04:13:00,55.003,212.8342,0.0
2026-02-26 04:14:00,55.004,213.751,0.0
2026-02-26 04:15:00,55.004,214.6677,0.0
2026-02-26 04:16:00,55.004,215.5844,0.0
2026-02-26 04:17:00,55.004,216.5012,0.0
2026-02-26 04:18:00,55.005,217.4179,0.0
2026-02-26 04:19:00,55.005,218.3347,0.0
2026-02-26 04:20:00,55.005,219.2514,0.0
2026-02-26 04:21:00,55.006,220.1682,0.0
2026-02-26 04:22:00,55.006,221.0849,0.0
2026-02-26 04:23:00,55.006,222.0017,0.0
2026-02-26 04:24:00,55.007,222.9185,0.0
2026-02-26 04:25:00,55.007,223.8353,0.0
2026-02-26 04:26:00,55.007,224.7521,0.0
2026-02-26 04:27:00,55.008,225.6689,0.0
2026-02-26 04:28:00,55.008,226.5857,0.0
2026-02-26 04:29:00,55.009,227.5025,0.0
2026-02-26 04:30:00,55.009,228.4193,0.0
2026-02-26 04:31:00,55.01,229.3361,0.0
2026-02-26 04:32:00,55.01,230.253,0.0
2026-02-26 04:33:00,55.011,231.1698,0.0
2026-02-26 04:34:00,55.012,232.0867,0.0
2026-02-26 04:35:00,55.012,233.0036,0.0
2026-02-26 04:36:00,55.013,233.9204,0.0
2026-02-26 04:37:00,55.014,234.8373,0.0
2026-02-26 04:38:00,55.015,235.7543,0.0
2026-02-26 04:39:00,55.016,236.6712,0.0
2026-02-26 04:40:00,55.017,237.5881,0.0
2026-02-26 04:41:00,55.017,238.5051,0.0
2026-02-26 04:42:00,55.018,239.4221,0.0
2026-02-26 04:43:00,55.02,240.3391,0.0
2026-02-26 04:44:00,55.021,241.2561,0.0
2026-02-26 04:45:00,55.022,242.1731,0.0
2026-02-26 04:46:00,55.023,243.0901,0.0
2026-02-26 04:47:00,55.024,244.0072,0.0
2026-02-26 04:48:00,55.026,244.9243,0.0
2026-02-26 04:49:00,55.027,245.8414,0.0
2026-02-26 04:50:00,55.029,246.7586,0.0
2026-02-26 04:51:00,55.03,247.6757,0.0
2026-02-26 04:52:00,55.032,248.5929,0.0
2026-02-26 04:53:00,55.034,249.5102,0.0
2026-02-26 04:54:00,55.035,250.4274,0.0
2026-02-26 04:55:00,55.037,251.3447,0.0
2026-02-26 04:56:00,55.039,252.262,0.0
2026-02-26 04:57:00,55.042,253.1794,0.0
2026-02-26 04:58:00,55.044,254.0968,0.0
2026-02-26 04:59:00,55.046,255.0142,0.0
2026-02-26 05:00:00,55.049,255.9317,0.0
2026-02-26 05:01:00,55.051,256.8492,0.0
2026-02-26 05:02:00,55.054,257.7668,0.0
2026-02-26 05:03:00,55.057,258.6844,0.0
2026-02-26 05:04:00,55.06,259.6021,0.0
2026-02-26 05:05:00,55.063,260.5198,0.0
2026-02-26 05:06:00,55.066,261.4375,0.0
2026-02-26 05:07:00,55.07,262.3554,0.0
2026-02-26 05:08:00,55.073,263.2733,0.0
2026-02-26 05:09:00,55.077,264.1912,0.0
2026-02-26 05:10:00,55.081,265.1092,0.0
2026-02-26 05:11:00,55.085,266.0273,0.0
2026-02-26 05:12:00,55.09,266.9455,0.0
2026-02-26 05:13:00,55.094,267.8637,0.0
2026-02-26 05:14:00,55.099,268.782,0.0
2026-02-26 05:15:00,55.104,269.7004,0.0
2026-02-26 05:16:00,55.109,270.6189,0.0
2026-02-26 05:17:00,55.115,271.5375,0.0
2026-02-26 05:18:00,55.12,272.4562,0.0
2026-02-26 05:19:00,55.126,273.3749,0.0
2026-02-26 05:20:00,55.133,274.2938,0.0
2026-02-26 05:21:00,55.139,275.2128,0.0
2026-02-26 05:22:00,55.146,276.1319,0.0
2026-02-26 05:23:00,55.153,277.0511,0.0
2026-02-26 05:24:00,55.16,277.9705,0.0
2026-02-26 05:25:00,55.168,278.8899,0.0
2026-02-26 05:26:00,55.176,279.8095,0.0
2026-02-26 05:27:00,55.185,280.7293,0.0
2026-02-26 05:28:00,55.194,281.6492,0.0
2026-02-26 05:29:00,55.203,282.5692,0.0
2026-02-26 05:30:00,55.213,283.4894,0.0
2026-02-26 05:31:00,55.223,284.4098,0.0
2026-02-26 05:32:00,55.233,285.3304,0.0
2026-02-26 05:33:00,55.244,286.2511,0.0
2026-02-26 05:34:00,55.255,287.172,0.0
2026-02-26 05:35:00,55.267,288.0931,0.0
2026-02-26 05:36:00,55.28,289.0145,0.0
2026-02-26 05:37:00,55.293,289.936,0.0
2026-02-26 05:38:00,55.306,290.8578,0.0
2026-02-26 05:39:00,55.32,291.7798,0.0
2026-02-26 05:40:00,55.335,292.702,0.0
2026-02-26 05:41:00,55.35,293.6245,0.0
2026-02-26 05:42:00,55.365,294.5473,0.0
2026-02-26 05:43:00,55.382,295.4703,0.0
2026-02-26 05:44:00,55.399,296.3936,0.0
2026-02-26 05:45:00,55.417,297.3172,0.0
2026-02-26 05:46:00,55.435,298.2412,0.0
2026-02-26 05:47:00,55.454,299.1654,0.0
2026-02-26 05:48:00,55.474,300.09,0.0
2026-02-26 05:49:00,55.495,301.0149,0.0
2026-02-26 05:50:00,55.516,301.9402,0.0
2026-02-26 05:51:00,55.539,302.8658,0.0
2026-02-26 05:52:00,55.562,303.7918,0.0
2026-02-26 05:53:00,55.586,304.7183,0.0
2026-02-26 05:54:00,55.611,305.6451,0.0
2026-02-26 05:55:00,55.637,306.5724,0.0
2026-02-26 05:56:00,55.664,307.5001,0.0
2026-02-26 05:57:00,55.692,308.4283,0.0
2026-02-26 05:58:00,55.721,309.357,0.0
2026-02-26 05:59:00,55.751,310.2862,0.0
2026-02-26 06:00:00,55.782,311.2159,0.0
2026-02-26 06:01:00,55.574,312.1421,0.0
2026-02-26 06:02:00,55.368,313.0649,0.0
2026-02-26 06:03:00,55.162,313.9843,0.0
2026-02-26 06:04:00,54.958,314.9002,0.0
2026-02-26 06:05:00,54.755,315.8128,0.0
2026-02-26 06:06:00,54.554,316.7221,0.0
2026-02-26 06:07:00,54.354,317.628,0.0
2026-02-26 06:08:00,54.155,318.5305,0.0
2026-02-26 06:09:00,53.958,319.4298,0.0
2026-02-26 06:10:00,53.762,320.3259,0.0
2026-02-26 06:11:00,53.568,321.2187,0.0
2026-02-26 06:12:00,53.375,322.1082,0.0
2026-02-26 06:13:00,53.184,322.9946,0.0
2026-02-26 06:14:00,52.995,323.8779,0.0
2026-02-26 06:15:00,52.807,324.758,0.0
2026-02-26 06:16:00,52.622,325.6351,0.0
2026-02-26 06:17:00,52.438,326.509,0.0
2026-02-26 06:18:00,52.256,327.3799,0.0
2026-02-26 06:19:00,52.076,328.2479,0.0
2026-02-26 06:20:00,51.898,329.1128,0.0
2026-02-26 06:21:00,51.722,329.9749,0.0
2026-02-26 06:22:00,51.548,330.834,0.0
2026-02-26 06:23:00,51.376,331.6903,0.0
2026-02-26 06:24:00,51.206,332.5437,0.0
2026-02-26 06:25:00,51.039,333.3943,0.0
2026-02-26 06:26:00,50.874,334.2422,0.0
2026-02-26 06:27:00,50.711,335.0874,0.0
2026-02-26 06:28:00,50.551,335.9299,0.0
2026-02-26 06:29:00,50.393,336.7698,0.0
2026-02-26 06:30:00,50.238,337.6071,0.0
2026-02-26 06:31:00,50.085,338.4419,0.0
2026-02-26 06:32:00,49.935,339.2741,0.0
2026-02-26 06:33:00,49.787,340.1039,0.0
2026-02-26 06:34:00,49.643,340.9313,0.0
2026-02-26 06:35:00,49.501,341.7563,0.0
2026-02-26 06:36:00,49.362,342.579,0.0
2026-02-26 06:37:00,49.226,343.3994,0.0
2026-02-26 06:38:00,49.093,344.2176,0.0
2026-02-26 06:39:00,48.963,345.0337,0.0
2026-02-26 06:40:00,48.836,345.8476,0.0
2026-02-26 06:41:00,48.713,346.6595,0.0
2026-02-26 06:42:00,48.592,347.4694,0.0
2026-02-26 06:43:00,48.475,348.2773,0.0
2026-02-26 06:44:00,48.361,349.0833,0.0
2026-02-26 06:45:00,48.251,349.8875,0.0
2026-02-26 06:46:00,48.144,350.6899,0.0
2026-02-26 06:47:00,48.04,351.4906,0.0
2026-02-26 06:48:00,47.941,352.2896,0.0
2026-02-26 06:49:00,47.844,353.087,0.0
2026-02-26 06:50:00,47.752,353.8828,0.0
2026-02-26 06:51:00,47.663,354.6772,0.0
2026-02-26 06:52:00,47.578,355.4702,0.0
2026-02-26 06:53:00,47.497,356.2618,0.0
2026-02-26 06:54:00,47.42,357.0522,0.0
2026-02-26 06:55:00,47.347,357.8413,0.0
2026-02-26 06:56:00,47.278,358.6293,0.0
2026-02-26 06:57:00,47.213,359.4162,0.0
2026-02-26 06:58:00,47.153,360.202,0.0
2026-02-26 06:59:00,47.096,360.987,0.0
2026-02-26 07:00:00,37.044,361.6044,0.0
2026-02-26 07:01:00,36.996,362.221,0.0
2026-02-26 07:02:00,36.952,362.8368,0.0
2026-02-26 07:03:00,36.913,363.4521,0.0
2026-02-26 07:04:00,36.878,364.0667,0.0
2026-02-26 07:05:00,36.848,364.6808,0.0
2026-02-26 07:06:00,36.823,365.2945,0.0
2026-02-26 07:07:00,36.802,365.9079,0.0
2026-02-26 07:08:00,36.785,366.521,0.0
2026-02-26 07:09:00,36.773,367.1339,0.0
2026-02-26 07:10:00,36.767,367.7467,0.0
2026-02-26 07:11:00,36.764,368.3594,0.0
2026-02-26 07:12:00,36.767,368.9722,0.0
2026-02-26 07:13:00,36.774,369.5851,0.0
2026-02-26 07:14:00,36.787,370.1982,0.0
2026-02-26 07:15:00,36.804,370.8116,0.0
2026-02-26 07:16:00,36.826,371.4254,0.0
2026-02-26 07:17:00,36.853,372.0396,0.0
2026-02-26 07:18:00,36.885,372.6544,0.0
2026-02-26 07:19:00,36.923,373.2697,0.0
2026-02-26 07:20:00,36.965,373.8858,0.0
2026-02-26 07:21:00,37.012,374.5027,0.0
2026-02-26 07:22:00,37.064,375.1204,0.0
2026-02-26 07:23:00,37.122,375.7391,0.0
2026-02-26 07:24:00,37.184,376.3589,0.0
2026-02-26 07:25:00,37.252,376.9797,0.0
2026-02-26 07:26:00,37.325,377.6018,0.0
2026-02-26 07:27:00,37.403,378.2252,0.0
2026-02-26 07:28:00,37.486,378.8499,0.0
2026-02-26 07:29:00,37.574,379.4762,0.0
2026-02-26 07:30:00,37.667,380.1039,0.0
2026-02-26 07:31:00,37.765,380.7334,0.0
2026-02-26 07:32:00,37.868,381.3645,0.0
2026-02-26 07:33:00,37.977,381.9974,0.0
2026-02-26 07:34:00,38.09,382.6323,0.0
2026-02-26 07:35:00,38.209,383.2691,0.0
2026-02-26 07:36:00,38.333,383.908,0.0
2026-02-26 07:37:00,38.461,384.549,0.0
2026-02-26 07:38:00,38.595,385.1922,0.0
2026-02-26 07:39:00,38.733,385.8378,0.0
2026-02-26 07:40:00,38.877,386.4857,0.0
2026-02-26 07:41:00,39.025,387.1362,0.0
2026-02-26 07:42:00,39.178,387.7891,0.0
2026-02-26 07:43:00,39.336,388.4447,0.0
2026-02-26 07:44:00,39.498,389.103,0.0
2026-02-26 07:45:00,39.665,389.7641,0.0
2026-02-26 07:46:00,39.837,390.428,0.0
2026-02-26 07:47:00,40.013,391.0949,0.0
2026-02-26 07:48:00,40.194,391.7648,0.0
2026-02-26 07:49:00,40.379,392.4378,0.0
2026-02-26 07:50:00,40.568,393.1139,0.0
2026-02-26 07:51:00,40.762,393.7933,0.0
2026-02-26 07:52:00,40.96,394.476,0.0
2026-02-26 07:53:00,41.162,395.162,0.0
2026-02-26 07:54:00,41.367,395.8515,0.0
2026-02-26 07:55:00,41.577,396.5444,0.0
2026-02-26 07:56:00,41.791,397.2409,0.0
2026-02-26 07:57:00,42.008,397.9411,0.0
2026-02-26 07:58:00,42.229,398.6449,0.0
2026-02-26 07:59:00,42.453,399.3524,0.0
2026-02-26 08:00:00,0.0,399.3524,0.0
2026-02-26 08:01:00,0.0,399.3524,0.0
2026-02-26 08:02:00,0.0,399.3524,0.0
2026-02-26 08:03:00,0.0,399.3524,0.0
2026-02-26 08:04:00,0.0,399.3524,0.0
2026-02-26 08:05:00,0.0,399.3524,0.0
2026-02-26 08:06:00,0.0,399.3524,0.0
2026-02-26 08:07:00,0.0,399.3524,0.0
2026-02-26 08:08:00,0.0,399.3524,0.0
2026-02-26 08:09:00,0.0,399.3524,0.0
2026-02-26 08:10:00,0.0,399.3524,0.0
2026-02-26 08:11:00,0.0,399.3524,0.0
2026-02-26 08:12:00,0.0,399.3524,0.0
2026-02-26 08:13:00,0.0,399.3524,0.0
2026-02-26 08:14:00,0.0,399.3524,0.0
2026-02-26 08:15:00,0.0,399.3524,0.0
2026-02-26 08:16:00,0.0,399.3524,0.0
2026-02-26 08:17:00,0.0,399.3524,0.0
2026-02-26 08:18:00,0.0,399.3524,0.0
2026-02-26 08:19:00,0.0,399.3524,0.0
2026-02-26 08:20:00,0.0,399.3524,0.0
2026-02-26 08:21:00,0.0,399.3524,0.0
2026-02-26 08:22:00,0.0,399.3524,0.0
2026-02-26 08:23:00,0.0,399.3524,0.0
2026-02-26 08:24:00,0.0,399.3524,0.0
2026-02-26 08:25:00,0.0,399.3524,0.0
2026-02-26 08:26:00,0.0,399.3524,0.0
2026-02-26 08:27:00,0.0,399.3524,0.0
2026-02-26 08:28:00,0.0,399.3524,0.0
2026-02-26 08:29:00,0.124,399.3545,0.0
2026-02-26 08:30:00,0.384,399.3609,0.0
2026-02-26 08:31:00,0.642,399.3716,0.0
2026-02-26 08:32:00,0.899,399.3866,0.0
2026-02-26 08:33:00,1.154,399.4058,0.0
2026-02-26 08:34:00,1.406,399.4292,0.0
2026-02-26 08:35:00,1.656,399.4568,0.0
2026-02-26 08:36:00,1.904,399.4886,0.0
2026-02-26 08:37:00,2.148,399.5244,0.0
2026-02-26 08:38:00,2.39,399.5642,0.0
2026-02-26 08:39:00,2.628,399.608,0.0
2026-02-26 08:40:00,2.863,399.6557,0.0
2026-02-26 08:41:00,3.094,399.7073,0.0
2026-02-26 08:42:00,3.321,399.7626,0.0
2026-02-26 08:43:00,3.544,399.8217,0.0
2026-02-26 08:44:00,3.763,399.8844,0.0
2026-02-26 08:45:00,3.978,399.9507,0.0
2026-02-26 08:46:00,4.188,400.0205,0.0
2026-02-26 08:47:00,4.393,400.0937,0.0
2026-02-26 08:48:00,4.593,400.1702,0.0
2026-02-26 08:49:00,4.788,400.25,0.0
2026-02-26 08:50:00,4.977,400.333,0.0
2026-02-26 08:51:00,5.161,400.419,0.0
2026-02-26 08:52:00,5.339,400.508,0.0
2026-02-26 08:53:00,5.512,400.5999,0.0
2026-02-26 08:54:00,5.678,400.6945,0.0
2026-02-26 08:55:00,5.838,400.7918,0.0
2026-02-26 08:56:00,5.991,400.8916,0.0
2026-02-26 08:57:00,6.138,400.9939,0.0
2026-02-26 08:58:00,6.278,401.0986,0.0
2026-02-26 08:59:00,6.41,401.2054,0.0
2026-02-26 09:00:00,6.536,401.3143,0.0
2026-02-26 09:01:00,6.655,401.4253,0.0
2026-02-26 09:02:00,6.766,401.538,0.0
2026-02-26 09:03:00,6.869,401.6525,0.0
2026-02-26 09:04:00,6.965,401.7686,0.0
2026-02-26 09:05:00,7.052,401.8861,0.0
2026-02-26 09:06:00,7.132,402.005,0.0
2026-02-26 09:07:00,7.204,402.125,0.0
2026-02-26 09:08:00,7.267,402.2462,0.0
2026-02-26 09:09:00,7.322,402.3682,0.0
2026-02-26 09:10:00,7.368,402.491,0.0
2026-02-26 09:11:00,7.406,402.6144,0.0
2026-02-26 09:12:00,7.435,402.7383,0.0
2026-02-26 09:13:00,7.455,402.8626,0.0
2026-02-26 09:14:00,7.466,402.987,0.0
2026-02-26 09:15:00,7.468,403.1115,0.0
2026-02-26 09:16:00,7.461,403.2358,0.0
2026-02-26 09:17:00,7.445,403.3599,0.0
2026-02-26 09:18:00,7.419,403.4836,0.0
2026-02-26 09:19:00,7.384,403.6066,0.0
2026-02-26 09:20:00,7.34,403.729,0.0
2026-02-26 09:21:00,7.286,403.8504,0.0
2026-02-26 09:22:00,7.222,403.9708,0.0
2026-02-26 09:23:00,7.149,404.0899,0.0
2026-02-26 09:24:00,7.066,404.2077,0.0
2026-02-26 09:25:00,6.974,404.3239,0.0
2026-02-26 09:26:00,6.872,404.4385,0.0
2026-02-26 09:27:00,6.76,404.5511,0.0
2026-02-26 09:28:00,6.638,404.6618,0.0
2026-02-26 09:29:00,6.507,404.7702,0.0
2026-02-26 09:30:00,6.366,404.8763,0.0
2026-02-26 09:31:00,6.215,404.9799,0.0
2026-02-26 09:32:00,6.054,405.0808,0.0
2026-02-26 09:33:00,5.883,405.1788,0.0
2026-02-26 09:34:00,5.703,405.2739,0.0
2026-02-26 09:35:00,5.513,405.3658,0.0
2026-02-26 09:36:00,5.313,405.4543,0.0
2026-02-26 09:37:00,5.104,405.5394,0.0
2026-02-26 09:38:00,4.885,405.6208,0.0
2026-02-26 09:39:00,4.657,405.6984,0.0
2026-02-26 09:40:00,4.419,405.7721,0.0
2026-02-26 09:41:00,4.171,405.8416,0.0
2026-02-26 09:42:00,3.914,405.9068,0.0
2026-02-26 09:43:00,3.648,405.9676,0.0
2026-02-26 09:44:00,3.373,406.0238,0.0
2026-02-26 09:45:00,3.088,406.0753,0.0
2026-02-26 09:46:00,2.795,406.1219,0.0
2026-02-26 09:47:00,2.492,406.1634,0.0
2026-02-26 09:48:00,2.181,406.1998,0.0
2026-02-26 09:49:00,1.861,406.2308,0.0
2026-02-26 09:50:00,1.532,406.2563,0.0
2026-02-26 09:51:00,51.195,407.1096,0.0
2026-02-26 09:52:00,50.849,407.9571,0.0
2026-02-26 09:53:00,50.495,408.7986,0.0
2026-02-26 09:54:00,50.133,409.6342,0.0
2026-02-26 09:55:00,49.762,410.4636,0.0
2026-02-26 09:56:00,49.384,411.2866,0.0
2026-02-26 09:57:00,48.998,412.1033,0.0
2026-02-26 09:58:00,48.605,412.9133,0.0
2026-02-26 09:59:00,48.204,413.7167,0.0
2026-02-26 10:00:00,47.796,414.5133,0.0
2026-02-26 10:01:00,47.38,415.303,0.0
2026-02-26 10:02:00,46.958,416.0856,0.0
2026-02-26 10:03:00,46.529,416.8611,0.0
2026-02-26 10:04:00,46.093,417.6293,0.0
2026-02-26 10:05:00,45.651,418.3902,0.0
2026-02-26 10:06:00,45.202,419.1436,0.0
2026-02-26 10:07:00,44.748,419.8894,0.0
2026-02-26 10:08:00,44.287,420.6275,0.0
2026-02-26 10:09:00,43.821,421.3578,0.0
2026-02-26 10:10:00,43.349,422.0803,0.0
2026-02-26 10:11:00,42.872,422.7948,0.0
2026-02-26 10:12:00,42.39,423.5013,0.0
2026-02-26 10:13:00,41.902,424.1997,0.0
2026-02-26 10:14:00,41.41,424.8899,0.0
2026-02-26 10:15:00,40.914,425.5718,0.0
2026-02-26 10:16:00,40.413,426.2453,0.0
2026-02-26 10:17:00,39.908,426.9105,0.0
2026-02-26 10:18:00,39.398,427.5671,0.0
2026-02-26 10:19:00,38.885,428.2152,0.0
2026-02-26 10:20:00,38.369,428.8547,0.0
2026-02-26 10:21:00,37.849,429.4855,0.0
2026-02-26 10:22:00,37.326,430.1076,0.0
2026-02-26 10:23:00,36.8,430.7209,0.0
2026-02-26 10:24:00,36.271,431.3254,0.0
2026-02-26 10:25:00,35.74,431.9211,0.0
2026-02-26 10:26:00,35.206,432.5079,0.0
2026-02-26 10:27:00,34.67,433.0857,0.0
2026-02-26 10:28:00,34.133,433.6546,0.0
2026-02-26 10:29:00,33.593,434.2145,0.0
2026-02-26 10:30:00,33.052,434.7654,0.0
2026-02-26 10:31:00,32.51,435.3072,0.0
2026-02-26 10:32:00,31.967,435.84,0.0
2026-02-26 10:33:00,31.422,436.3637,0.0
2026-02-26 10:34:00,30.877,436.8783,0.0
2026-02-26 10:35:00,30.332,437.3838,0.0
2026-02-26 10:36:00,29.786,437.8802,0.0
2026-02-26 10:37:00,29.24,438.3676,0.0
2026-02-26 10:38:00,28.694,438.8458,0.0
2026-02-26 10:39:00,28.148,439.3149,0.0
2026-02-26 10:40:00,27.603,439.775,0.0
2026-02-26 10:41:00,27.058,440.2259,0.0
2026-02-26 10:42:00,26.514,440.6678,0.0
2026-02-26 10:43:00,25.971,441.1007,0.0
2026-02-26 10:44:00,25.429,441.5245,0.0
2026-02-26 10:45:00,24.889,441.9393,0.0
2026-02-26 10:46:00,24.35,442.3451,0.0
2026-02-26 10:47:00,23.813,442.742,0.0
2026-02-26 10:48:00,23.277,443.13,0.0
2026-02-26 10:49:00,22.744,443.5091,0.0
2026-02-26 10:50:00,22.213,443.8793,0.0
2026-02-26 10:51:00,21.684,444.2407,0.0
2026-02-26 10:52:00,21.158,444.5933,0.0
2026-02-26 10:53:00,20.634,444.9372,0.0
2026-02-26 10:54:00,20.113,445.2724,0.0
2026-02-26 10:55:00,19.595,445.599,0.0
2026-02-26 10:56:00,19.081,445.917,0.0
2026-02-26 10:57:00,18.569,446.2265,0.0
2026-02-26 10:58:00,18.061,446.5275,0.0
2026-02-26 10:59:00,17.556,446.8201,0.0
2026-02-26 11:00:00,17.055,447.1044,0.0
2026-02-26 11:01:00,16.558,447.3803,0.0
2026-02-26 11:02:00,16.064,447.6481,0.0
2026-02-26 11:03:00,15.575,447.9077,0.0
2026-02-26 11:04:00,15.089,448.1591,0.0
2026-02-26 11:05:00,14.608,448.4026,0.0
2026-02-26 11:06:00,14.131,448.6381,0.0
2026-02-26 11:07:00,13.658,448.8658,0.0
2026-02-26 11:08:00,13.19,449.0856,0.0
2026-02-26 11:09:00,12.727,449.2977,0.0
2026-02-26 11:10:00,12.268,449.5022,0.0
2026-02-26 11:11:00,11.814,449.6991,0.0
2026-02-26 11:12:00,11.365,449.8885,0.0
2026-02-26 11:13:00,10.921,450.0705,0.0
2026-02-26 11:14:00,10.482,450.2452,0.0
2026-02-26 11:15:00,10.048,450.4127,0.0
2026-02-26 11:16:00,9.619,450.573,0.0
2026-02-26 11:17:00,9.195,450.7263,0.0
2026-02-26 11:18:00,8.777,450.8725,0.0
2026-02-26 11:19:00,8.364,451.0119,0.0
2026-02-26 11:20:00,7.956,451.1445,0.0
2026-02-26 11:21:00,7.554,451.2704,0.0
2026-02-26 11:22:00,7.157,451.3897,0.0
2026-02-26 11:23:00,6.766,451.5025,0.0
2026-02-26 11:24:00,6.38,451.6088,0.0
2026-02-26 11:25:00,6.0,451.7089,0.0
2026-02-26 11:26:00,5.626,451.8026,0.0
2026-02-26 11:27:00,5.257,451.8902,0.0
2026-02-26 11:28:00,4.894,451.9718,0.0
2026-02-26 11:29:00,4.537,452.0474,0.0
2026-02-26 11:30:00,4.185,452.1172,0.0
2026-02-26 11:31:00,3.839,452.1812,0.0
2026-02-26 11:32:00,3.499,452.2395,0.0
2026-02-26 11:33:00,3.165,452.2922,0.0
2026-02-26 11:34:00,2.836,452.3395,0.0
2026-02-26 11:35:00,2.513,452.3814,0.0
2026-02-26 11:36:00,2.196,452.418,0.0
2026-02-26 11:37:00,1.885,452.4494,0.0
2026-02-26 11:38:00,1.579,452.4757,0.0
2026-02-26 11:39:00,1.28,452.497,0.0
2026-02-26 11:40:00,0.986,452.5135,0.0
2026-02-26 11:41:00,0.697,452.5251,0.0
2026-02-26 11:42:00,0.415,452.532,0.0
2026-02-26 11:43:00,0.138,452.5343,0.0
2026-02-26 11:44:00,0.0,452.5343,0.0
2026-02-26 11:45:00,0.0,452.5343,0.0
2026-02-26 11:46:00,0.0,452.5343,0.0
2026-02-26 11:47:00,0.0,452.5343,0.0
2026-02-26 11:48:00,0.0,452.5343,0.0
2026-02-26 11:49:00,0.0,452.5343,0.0
2026-02-26 11:50:00,0.0,452.5343,0.0
2026-02-26 11:51:00,0.0,452.5343,0.0
2026-02-26 11:52:00,0.0,452.5343,0.0
2026-02-26 11:53:00,0.0,452.5343,0.0
2026-02-26 11:54:00,0.0,452.5343,0.0
2026-02-26 11:55:00,0.0,452.5343,0.0
2026-02-26 11:56:00,0.0,452.5343,0.0
2026-02-26 11:57:00,0.0,452.5343,0.0
2026-02-26 11:58:00,0.0,452.5343,0.0
2026-02-26 11:59:00,0.0,452.5343,0.0
2026-02-26 12:00:00,0.0,452.5343,0.0
2026-02-26 12:01:00,0.0,452.5343,0.0
2026-02-26 12:02:00,0.0,452.5343,0.0
2026-02-26 12:03:00,0.0,452.5343,0.0
2026-02-26 12:04:00,0.0,452.5343,0.0
2026-02-26 12:05:00,0.0,452.5343,0.0
2026-02-26 12:06:00,0.0,452.5343,0.0
2026-02-26 12:07:00,0.0,452.5343,0.0
2026-02-26 12:08:00,0.0,452.5343,0.0
2026-02-26 12:09:00,0.0,452.5343,0.0
2026-02-26 12:10:00,0.0,452.5343,0.0
2026-02-26 12:11:00,0.0,452.5343,0.0
2026-02-26 12:12:00,0.0,452.5343,0.0
2026-02-26 12:13:00,0.0,452.5343,0.0
2026-02-26 12:14:00,0.0,452.5343,0.0
2026-02-26 12:15:00,0.0,452.5343,0.0
2026-02-26 12:16:00,0.0,452.5343,0.0
2026-02-26 12:17:00,0.0,452.5343,0.0
2026-02-26 12:18:00,0.0,452.5343,0.0
2026-02-26 12:19:00,0.0,452.5343,0.0
2026-02-26 12:20:00,0.0,452.5343,0.0
2026-02-26 12:21:00,0.0,452.5343,0.0
2026-02-26 12:22:00,0.0,452.5343,0.0
2026-02-26 12:23:00,0.0,452.5343,0.0
2026-02-26 12:24:00,0.0,452.5343,0.0
2026-02-26 12:25:00,0.0,452.5343,0.0
2026-02-26 12:26:00,0.0,452.5343,0.0
2026-02-26 12:27:00,0.0,452.5343,0.0
2026-02-26 12:28:00,0.0,452.5343,0.0
2026-02-26 12:29:00,0.0,452.5343,0.0
2026-02-26 12:30:00,0.0,452.5343,0.0
2026-02-26 12:31:00,0.0,452.5343,0.0
2026-02-26 12:32:00,0.0,452.5343,0.0
2026-02-26 12:33:00,0.0,452.5343,0.0
2026-02-26 12:34:00,0.0,452.5343,0.0
2026-02-26 12:35:00,0.0,452.5343,0.0
2026-02-26 12:36:00,0.0,452.5343,0.0
2026-02-26 12:37:00,0.0,452.5343,0.0
2026-02-26 12:38:00,0.0,452.5343,0.0
2026-02-26 12:39:00,0.0,452.5343,0.0
2026-02-26 12:40:00,0.0,452.5343,0.0
2026-02-26 12:41:00,0.0,452.5343,0.0
2026-02-26 12:42:00,0.0,452.5343,0.0
2026-02-26 12:43:00,0.0,452.5343,0.0
2026-02-26 12:44:00,0.0,452.5343,0.0
2026-02-26 12:45:00,0.0,452.5343,0.0
2026-02-26 12:46:00,0.0,452.5343,0.0
2026-02-26 12:47:00,0.0,452.5343,0.0
2026-02-26 12:48:00,0.0,452.5343,0.0
2026-02-26 12:49:00,0.0,452.5343,0.0
2026-02-26 12:50:00,0.0,452.5343,0.0
2026-02-26 12:51:00,0.0,452.5343,0.0
2026-02-26 12:52:00,0.0,452.5343,0.0
2026-02-26 12:53:00,0.0,452.5343,0.0
2026-02-26 12:54:00,0.0,452.5343,0.0
2026-02-26 12:55:00,0.0,452.5343,0.0
2026-02-26 12:56:00,0.0,452.5343,0.0
2026-02-26 12:57:00,0.0,452.5343,0.0
2026-02-26 12:58:00,0.0,452.5343,0.0
2026-02-26 12:59:00,0.0,452.5343,0.0
2026-02-26 13:00:00,0.0,452.5343,0.0
2026-02-26 13:01:00,0.0,452.5343,0.0
2026-02-26 13:02:00,0.0,452.5343,0.0
2026-02-26 13:03:00,0.0,452.5343,0.0
2026-02-26 13:04:00,0.0,452.5343,0.0
2026-02-26 13:05:00,0.0,452.5343,0.0
2026-02-26 13:06:00,0.0,452.5343,0.0
2026-02-26 13:07:00,0.0,452.5343,0.0
2026-02-26 13:08:00,0.0,452.5343,0.0
2026-02-26 13:09:00,0.0,452.5343,0.0
2026-02-26 13:10:00,0.0,452.5343,0.0
2026-02-26 13:11:00,0.0,452.5343,0.0
2026-02-26 13:12:00,0.0,452.5343,0.0
2026-02-26 13:13:00,0.0,452.5343,0.0
2026-02-26 13:14:00,0.0,452.5343,0.0
2026-02-26 13:15:00,0.0,452.5343,0.0
2026-02-26 13:16:00,0.0,452.5343,0.0
2026-02-26 13:17:00,0.0,452.5343,0.0
2026-02-26 13:18:00,0.0,452.5343,0.0
2026-02-26 13:19:00,0.0,452.5343,0.0
2026-02-26 13:20:00,0.0,452.5343,0.0
2026-02-26 13:21:00,0.0,452.5343,0.0
2026-02-26 13:22:00,0.0,452.5343,0.0
2026-02-26 13:23:00,0.0,452.5343,0.0
2026-02-26 13:24:00,0.0,452.5343,0.0
2026-02-26 13:25:00,0.0,452.5343,0.0
2026-02-26 13:26:00,0.0,452.5343,0.0
2026-02-26 13:27:00,0.0,452.5343,0.0
2026-02-26 13:28:00,0.0,452.5343,0.0
2026-02-26 13:29:00,0.0,452.5343,0.0
2026-02-26 13:30:00,0.0,452.5343,0.0
2026-02-26 13:31:00,0.0,452.5343,0.0
2026-02-26 13:32:00,0.0,452.5343,0.0
2026-02-26 13:33:00,0.0,452.5343,0.0
2026-02-26 13:34:00,0.0,452.5343,0.0
2026-02-26 13:35:00,0.0,452.5343,0.0
2026-02-26 13:36:00,0.0,452.5343,0.0
2026-02-26 13:37:00,0.0,452.5343,0.0
2026-02-26 13:38:00,0.0,452.5343,0.0
2026-02-26 13:39:00,0.0,452.5343,0.0
2026-02-26 13:40:00,0.0,452.5343,0.0
2026-02-26 13:41:00,0.0,452.5343,0.0
2026-02-26 13:42:00,0.0,452.5343,0.0
2026-02-26 13:43:00,0.0,452.5343,0.0
2026-02-26 13:44:00,0.0,452.5343,0.0
2026-02-26 13:45:00,0.0,452.5343,0.0
2026-02-26 13:46:00,0.0,452.5343,0.0
2026-02-26 13:47:00,0.0,452.5343,0.0
2026-02-26 13:48:00,0.0,452.5343,0.0
2026-02-26 13:49:00,0.0,452.5343,0.0
2026-02-26 13:50:00,0.0,452.5343,0.0
2026-02-26 13:51:00,0.0,452.5343,0.0
2026-02-26 13:52:00,0.0,452.5343,0.0
2026-02-26 13:53:00,0.0,452.5343,0.0
2026-02-26 13:54:00,0.0,452.5343,0.0
2026-02-26 13:55:00,0.0,452.5343,0.0
2026-02-26 13:56:00,0.0,452.5343,0.0
2026-02-26 13:57:00,0.0,452.5343,0.0
2026-02-26 13:58:00,0.0,452.5343,0.0
2026-02-26 13:59:00,0.0,452.5343,0.0
2026-02-26 14:00:00,0.0,452.5343,0.0
2026-02-26 14:01:00,0.0,452.5343,0.0
2026-02-26 14:02:00,0.0,452.5343,0.0
2026-02-26 14:03:00,0.0,452.5343,0.0
2026-02-26 14:04:00,0.0,452.5343,0.0
2026-02-26 14:05:00,0.0,452.5343,0.0
2026-02-26 14:06:00,0.0,452.5343,0.0
2026-02-26 14:07:00,0.0,452.5343,0.0
2026-02-26 14:08:00,0.0,452.5343,0.0
2026-02-26 14:09:00,0.0,452.5343,0.0
2026-02-26 14:10:00,0.0,452.5343,0.0
2026-02-26 14:11:00,0.0,452.5343,0.0
2026-02-26 14:12:00,0.0,452.5343,0.0
2026-02-26 14:13:00,0.0,452.5343,0.0
2026-02-26 14:14:00,0.0,452.5343,0.0
2026-02-26 14:15:00,0.0,452.5343,0.0
2026-02-26 14:16:00,0.0,452.5343,0.0
2026-02-26 14:17:00,0.0,452.5343,0.0
2026-02-26 14:18:00,0.0,452.5343,0.0
2026-02-26 14:19:00,0.143,452.5367,0.0
2026-02-26 14:20:00,0.29,452.5415,0.0
2026-02-26 14:21:00,0.438,452.5488,0.0
2026-02-26 14:22:00,0.588,452.5586,0.0
2026-02-26 14:23:00,0.738,452.5709,0.0
2026-02-26 14:24:00,0.89,452.5858,0.0
2026-02-26 14:25:00,1.044,452.6031,0.0
2026-02-26 14:26:00,1.198,452.6231,0.0
2026-02-26 14:27:00,1.354,452.6457,0.0
2026-02-26 14:28:00,1.511,452.6709,0.0
2026-02-26 14:29:00,1.67,452.6987,0.0
2026-02-26 14:30:00,1.829,452.7292,0.0
2026-02-26 14:31:00,1.99,452.7624,0.0
2026-02-26 14:32:00,2.153,452.7983,0.0
2026-02-26 14:33:00,2.316,452.8369,0.0
2026-02-26 14:34:00,2.481,452.8782,0.0
2026-02-26 14:35:00,2.647,452.9223,0.0
2026-02-26 14:36:00,2.815,452.9693,0.0
2026-02-26 14:37:00,2.984,453.019,0.0
2026-02-26 14:38:00,3.154,453.0716,0.0
2026-02-26 14:39:00,3.326,453.127,0.0
2026-02-26 14:40:00,3.499,453.1853,0.0
2026-02-26 14:41:00,3.673,453.2465,0.0
2026-02-26 14:42:00,3.849,453.3107,0.0
2026-02-26 14:43:00,4.026,453.3778,0.0
2026-02-26 14:44:00,4.204,453.4478,0.0
2026-02-26 14:45:00,4.384,453.5209,0.0
2026-02-26 14:46:00,4.566,453.597,0.0
2026-02-26 14:47:00,4.748,453.6761,0.0
2026-02-26 14:48:00,4.933,453.7584,0.0
2026-02-26 14:49:00,5.118,453.8437,0.0
2026-02-26 14:50:00,5.305,453.9321,0.0
2026-02-26 14:51:00,5.494,454.0237,0.0
2026-02-26 14:52:00,5.684,454.1184,0.0
2026-02-26 14:53:00,5.876,454.2163,0.0
2026-02-26 14:54:00,6.069,454.3175,0.0
2026-02-26 14:55:00,6.264,454.4219,0.0
2026-02-26 14:56:00,6.46,454.5295,0.0
2026-02-26 14:57:00,6.657,454.6405,0.0
2026-02-26 14:58:00,6.857,454.7548,0.0
2026-02-26 14:59:00,7.058,454.8724,0.0
2026-02-26 15:00:00,7.26,454.9934,0.0
2026-02-26 15:01:00,7.464,455.1178,0.0
2026-02-26 15:02:00,7.67,455.2456,0.0
2026-02-26 15:03:00,7.877,455.3769,0.0
2026-02-26 15:04:00,8.086,455.5117,0.0
2026-02-26 15:05:00,8.297,455.65,0.0
2026-02-26 15:06:00,8.509,455.7918,0.0
2026-02-26 15:07:00,8.723,455.9372,0.0
2026-02-26 15:08:00,8.939,456.0861,0.0
2026-02-26 15:09:00,9.156,456.2387,0.0
2026-02-26 15:10:00,9.376,456.395,0.0
2026-02-26 15:11:00,9.597,456.555,0.0
2026-02-26 15:12:00,9.819,456.7186,0.0
2026-02-26 15:13:00,10.044,456.886,0.0
2026-02-26 15:14:00,10.27,457.0572,0.0
2026-02-26 15:15:00,10.499,457.2322,0.0
2026-02-26 15:16:00,10.729,457.411,0.0
2026-02-26 15:17:00,10.961,457.5937,0.0
2026-02-26 15:18:00,11.195,457.7802,0.0
2026-02-26 15:19:00,11.43,457.9707,0.0
2026-02-26 15:20:00,11.668,458.1652,0.0
2026-02-26 15:21:00,11.908,458.3637,0.0
2026-02-26 15:22:00,12.149,458.5661,0.0
2026-02-26 15:23:00,12.393,458.7727,0.0
2026-02-26 15:24:00,12.638,458.9833,0.0
2026-02-26 15:25:00,12.886,459.1981,0.0
2026-02-26 15:26:00,13.135,459.417,0.0
2026-02-26 15:27:00,13.387,459.6401,0.0
2026-02-26 15:28:00,13.641,459.8675,0.0
2026-02-26 15:29:00,13.897,460.0991,0.0
2026-02-26 15:30:00,14.155,460.335,0.0
2026-02-26 15:31:00,14.415,460.5752,0.0
2026-02-26 15:32:00,14.677,460.8198,0.0
2026-02-26 15:33:00,14.941,461.0689,0.0
2026-02-26 15:34:00,15.208,461.3223,0.0
2026-02-26 15:35:00,15.477,461.5803,0.0
2026-02-26 15:36:00,15.748,461.8428,0.0
2026-02-26 15:37:00,16.021,462.1098,0.0
2026-02-26 15:38:00,16.297,462.3814,0.0
2026-02-26 15:39:00,16.575,462.6576,0.0
2026-02-26 15:40:00,16.855,462.9386,0.0
2026-02-26 15:41:00,17.138,463.2242,0.0
2026-02-26 15:42:00,17.423,463.5146,0.0
2026-02-26 15:43:00,17.71,463.8098,0.0
2026-02-26 15:44:00,18.0,464.1098,0.0
2026-02-26 15:45:00,18.293,464.4146,0.0
2026-02-26 15:46:00,18.587,464.7244,0.0
2026-02-26 15:47:00,18.884,465.0392,0.0
2026-02-26 15:48:00,19.184,465.3589,0.0
2026-02-26 15:49:00,19.486,465.6837,0.0
2026-02-26 15:50:00,19.791,466.0135,0.0
2026-02-26 15:51:00,20.099,466.3485,0.0
2026-02-26 15:52:00,20.408,466.6886,0.0
2026-02-26 15:53:00,20.721,467.034,0.0
2026-02-26 15:54:00,21.036,467.3846,0.0
2026-02-26 15:55:00,21.354,467.7405,0.0
2026-02-26 15:56:00,21.675,468.1017,0.0
2026-02-26 15:57:00,21.998,468.4684,0.0
2026-02-26 15:58:00,22.324,468.8404,0.0
2026-02-26 15:59:00,22.652,469.218,0.0
2026-02-26 16:00:00,22.984,469.601,0.0
2026-02-26 16:01:00,23.318,469.9897,0.0
2026-02-26 16:02:00,23.655,470.3839,0.0
2026-02-26 16:03:00,23.995,470.7838,0.0
2026-02-26 16:04:00,24.337,471.1894,0.0
2026-02-26 16:05:00,24.683,471.6008,0.0
2026-02-26 16:06:00,25.031,472.018,0.0
2026-02-26 16:07:00,25.382,472.441,0.0
2026-02-26 16:08:00,25.736,472.87,0.0
2026-02-26 16:09:00,26.094,473.3049,0.0
2026-02-26 16:10:00,26.454,473.7458,0.0
2026-02-26 16:11:00,26.817,474.1927,0.0
2026-02-26 16:12:00,27.183,474.6457,0.0
2026-02-26 16:13:00,27.552,475.1049,0.0
2026-02-26 16:14:00,27.924,475.5703,0.0
2026-02-26 16:15:00,28.299,476.042,0.0
2026-02-26 16:16:00,28.677,476.5199,0.0
2026-02-26 16:17:00,29.058,477.0042,0.0
2026-02-26 16:18:00,29.442,477.4949,0.0
2026-02-26 16:19:00,29.829,477.9921,0.0
2026-02-26 16:20:00,30.22,478.4957,0.0
2026-02-26 16:21:00,30.613,479.0059,0.0
2026-02-26 16:22:00,31.01,479.5228,0.0
2026-02-26 16:23:00,31.41,480.0463,0.0
2026-02-26 16:24:00,31.813,480.5765,0.0
2026-02-26 16:25:00,32.219,481.1135,0.0
2026-02-26 16:26:00,32.628,481.6573,0.0
2026-02-26 16:27:00,33.041,482.208,0.0
2026-02-26 16:28:00,33.457,482.7656,0.0
2026-02-26 16:29:00,33.876,483.3302,0.0
2026-02-26 16:30:00,34.298,483.9018,0.0
2026-02-26 16:31:00,34.723,484.4805,0.0
2026-02-26 16:32:00,35.152,485.0664,0.0
2026-02-26 16:33:00,35.584,485.6594,0.0
2026-02-26 16:34:00,36.019,486.2597,0.0
2026-02-26 16:35:00,36.457,486.8674,0.0
2026-02-26 16:36:00,36.899,487.4823,0.0
2026-02-26 16:37:00,37.343,488.1047,0.0
2026-02-26 16:38:00,37.792,488.7346,0.0
2026-02-26 16:39:00,38.243,489.372,0.0
2026-02-26 16:40:00,38.698,490.0169,0.0
2026-02-26 16:41:00,39.155,490.6695,0.0
2026-02-26 16:42:00,39.617,491.3298,0.0
2026-02-26 16:43:00,40.081,491.9978,0.0
2026-02-26 16:44:00,40.549,492.6736,0.0
2026-02-26 16:45:00,41.019,493.3573,0.0
2026-02-26 16:46:00,41.494,494.0488,0.0
2026-02-26 16:47:00,41.971,494.7483,0.0
2026-02-26 16:48:00,42.451,495.4559,0.0
2026-02-26 16:49:00,42.935,496.1715,0.0
2026-02-26 16:50:00,43.422,496.8952,0.0
2026-02-26 16:51:00,43.913,497.627,0.0
2026-02-26 16:52:00,44.406,498.3671,0.0
2026-02-26 16:53:00,44.903,499.1155,0.0
2026-02-26 16:54:00,45.402,499.8722,0.0
2026-02-26 16:55:00,45.905,500.6373,0.0
2026-02-26 16:56:00,46.411,501.4108,0.0
2026-02-26 16:57:00,46.92,502.1928,0.0
2026-02-26 16:58:00,47.433,502.9834,0.0
2026-02-26 16:59:00,47.948,503.7825,0.0
2026-02-26 17:00:00,48.466,504.5903,0.0
2026-02-26 17:01:00,48.988,505.4067,0.0
2026-02-26 17:02:00,49.512,506.2319,0.0
2026-02-26 17:03:00,50.04,507.0659,0.0
2026-02-26 17:04:00,50.57,507.9088,0.0
2026-02-26 17:05:00,51.103,508.7605,0.0
2026-02-26 17:06:00,51.64,509.6212,0.0
2026-02-26 17:07:00,52.179,510.4908,0.0
2026-02-26 17:08:00,52.721,511.3695,0.0
2026-02-26 17:09:00,53.266,512.2572,0.0
2026-02-26 17:10:00,53.813,513.1541,0.0
2026-02-26 17:11:00,54.364,514.0602,0.0
2026-02-26 17:12:00,54.917,514.9755,0.0
2026-02-26 17:13:00,55.473,515.9,0.0
2026-02-26 17:14:00,56.031,516.8339,0.0
2026-02-26 17:15:00,56.592,517.7771,0.0
2026-02-26 17:16:00,57.156,518.7297,0.0
2026-02-26 17:17:00,57.722,519.6917,0.0
2026-02-26 17:18:00,58.291,520.6632,0.0
2026-02-26 17:19:00,58.862,521.6442,0.0
2026-02-26 17:20:00,59.435,522.6348,0.0
2026-02-26 17:21:00,60.011,523.635,0.0
2026-02-26 17:22:00,60.589,524.6448,0.0
2026-02-26 17:23:00,61.17,525.6643,0.0
2026-02-26 17:24:00,61.752,526.6935,0.0
2026-02-26 17:25:00,62.337,527.7325,0.0
2026-02-26 17:26:00,62.924,528.7812,0.0
2026-02-26 17:27:00,63.513,529.8397,0.0
2026-02-26 17:28:00,64.104,530.9081,0.0
2026-02-26 17:29:00,64.696,531.9864,0.0
2026-02-26 17:30:00,65.291,533.0746,0.0
2026-02-26 17:31:00,65.888,534.1727,0.0
2026-02-26 17:32:00,66.486,535.2808,0.0
2026-02-26 17:33:00,67.086,536.3989,0.0
2026-02-26 17:34:00,67.687,537.527,0.0
2026-02-26 17:35:00,68.29,538.6652,0.0
2026-02-26 17:36:00,68.895,539.8134,0.0
2026-02-26 17:37:00,69.501,540.9718,0.0
2026-02-26 17:38:00,70.109,542.1403,0.0
2026-02-26 17:39:00,70.717,543.3189,0.0
2026-02-26 17:40:00,71.327,544.5077,0.0
2026-02-26 17:41:00,71.938,545.7067,0.0
2026-02-26 17:42:00,72.551,546.9158,0.0
2026-02-26 17:43:00,73.164,548.1352,0.0
2026-02-26 17:44:00,73.778,549.3649,0.0
2026-02-26 17:45:00,74.393,550.6047,0.0
2026-02-26 17:46:00,75.008,551.8549,0.0
2026-02-26 17:47:00,75.625,553.1153,0.0
2026-02-26 17:48:00,76.242,554.386,0.0
2026-02-26 17:49:00,76.859,555.667,0.0
2026-02-26 17:50:00,77.477,556.9583,0.0
2026-02-26 17:51:00,78.096,558.2599,0.0
2026-02-26 17:52:00,78.714,559.5718,0.0
2026-02-26 17:53:00,79.333,560.894,0.0
2026-02-26 17:54:00,79.952,562.2265,0.0
2026-02-26 17:55:00,80.571,563.5694,0.0
2026-02-26 17:56:00,81.19,564.9225,0.0
2026-02-26 17:57:00,81.809,566.286,0.0
2026-02-26 17:58:00,82.427,567.6598,0.0
2026-02-26 17:59:00,83.046,569.0439,0.0
2026-02-26 18:00:00,33.663,569.605,0.0
2026-02-26 18:01:00,34.041,570.1723,0.0
2026-02-26 18:02:00,34.417,570.7459,0.0
2026-02-26 18:03:00,34.793,571.3258,0.0
2026-02-26 18:04:00,35.169,571.912,0.0
2026-02-26 18:05:00,35.543,572.5043,0.0
2026-02-26 18:06:00,35.916,573.1029,0.0
2026-02-26 18:07:00,36.289,573.7078,0.0
2026-02-26 18:08:00,36.66,574.3188,0.0
2026-02-26 18:09:00,37.03,574.9359,0.0
2026-02-26 18:10:00,37.399,575.5592,0.0
2026-02-26 18:11:00,37.766,576.1887,0.0
2026-02-26 18:12:00,38.132,576.8242,0.0
2026-02-26 18:13:00,38.496,577.4658,0.0
2026-02-26 18:14:00,38.859,578.1135,0.0
2026-02-26 18:15:00,39.22,578.7671,0.0
2026-02-26 18:16:00,89.579,580.2601,0.0
2026-02-26 18:17:00,89.935,581.759,0.0
2026-02-26 18:18:00,90.29,583.2639,0.0
2026-02-26 18:19:00,90.643,584.7746,0.0
2026-02-26 18:20:00,90.994,586.2911,0.0
2026-02-26 18:21:00,91.342,587.8135,0.0
2026-02-26 18:22:00,91.688,589.3416,0.0
2026-02-26 18:23:00,92.031,590.8755,0.0
2026-02-26 18:24:00,92.371,592.415,0.0
2026-02-26 18:25:00,92.709,593.9602,0.0
2026-02-26 18:26:00,93.044,595.5109,0.0
2026-02-26 18:27:00,93.376,597.0672,0.0
2026-02-26 18:28:00,93.706,598.6289,0.0
2026-02-26 18:29:00,94.032,600.1961,0.0
2026-02-26 18:30:00,94.355,601.7687,0.0
2026-02-26 18:31:00,94.674,603.3466,0.0
2026-02-26 18:32:00,94.991,604.9298,0.0
2026-02-26 18:33:00,95.304,606.5182,0.0
2026-02-26 18:34:00,95.613,608.1117,0.0
2026-02-26 18:35:00,95.919,609.7104,0.0
2026-02-26 18:36:00,96.221,611.314,0.0
2026-02-26 18:37:00,96.519,612.9227,0.0
2026-02-26 18:38:00,96.813,614.5362,0.0
2026-02-26 18:39:00,97.103,616.1546,0.0
2026-02-26 18:40:00,97.39,617.7778,0.0
2026-02-26 18:41:00,97.672,619.4057,0.0
2026-02-26 18:42:00,97.95,621.0382,0.0
2026-02-26 18:43:00,98.223,622.6752,0.0
2026-02-26 18:44:00,98.493,624.3168,0.0
2026-02-26 18:45:00,98.757,625.9627,0.0
2026-02-26 18:46:00,99.018,627.613,0.0
2026-02-26 18:47:00,99.273,629.2676,0.0
2026-02-26 18:48:00,99.524,630.9263,0.0
2026-02-26 18:49:00,99.77,632.5891,0.0
2026-02-26 18:50:00,100.011,634.256,0.0
2026-02-26 18:51:00,100.248,635.9268,0.0
2026-02-26 18:52:00,100.479,637.6014,0.0
2026-02-26 18:53:00,100.705,639.2798,0.0
2026-02-26 18:54:00,100.926,640.9619,0.0
2026-02-26 18:55:00,101.142,642.6476,0.0
2026-02-26 18:56:00,101.353,644.3369,0.0
2026-02-26 18:57:00,101.558,646.0295,0.0
2026-02-26 18:58:00,101.758,647.7254,0.0
2026-02-26 18:59:00,101.952,649.4246,0.0
2026-02-26 19:00:00,102.141,651.127,0.0
2026-02-26 19:01:00,102.324,652.8324,0.0
2026-02-26 19:02:00,102.501,654.5407,0.0
2026-02-26 19:03:00,102.673,656.252,0.0
2026-02-26 19:04:00,102.839,657.9659,0.0
2026-02-26 19:05:00,103.0,659.6826,0.0
2026-02-26 19:06:00,103.154,661.4018,0.0
2026-02-26 19:07:00,103.302,663.1236,0.0
2026-02-26 19:08:00,103.445,664.8476,0.0
2026-02-26 19:09:00,103.581,666.574,0.0
2026-02-26 19:10:00,103.712,668.3025,0.0
2026-02-26 19:11:00,103.836,670.0331,0.0
2026-02-26 19:12:00,103.955,671.7657,0.0
2026-02-26 19:13:00,104.067,673.5001,0.0
2026-02-26 19:14:00,104.172,675.2364,0.0
2026-02-26 19:15:00,104.272,676.9742,0.0
2026-02-26 19:16:00,104.365,678.7136,0.0
2026-02-26 19:17:00,104.452,680.4545,0.0
2026-02-26 19:18:00,104.533,682.1967,0.0
2026-02-26 19:19:00,104.607,683.9402,0.0
2026-02-26 19:20:00,104.675,685.6848,0.0
2026-02-26 19:21:00,104.737,687.4304,0.0
2026-02-26 19:22:00,104.792,689.1769,0.0
2026-02-26 19:23:00,104.841,690.9243,0.0
2026-02-26 19:24:00,104.883,692.6723,0.0
2026-02-26 19:25:00,104.919,694.421,0.0
2026-02-26 19:26:00,104.948,696.1701,0.0
2026-02-26 19:27:00,104.971,697.9196,0.0
2026-02-26 19:28:00,104.987,699.6694,0.0
2026-02-26 19:29:00,104.997,701.4193,0.0
2026-02-26 19:30:00,105.0,703.1693,0.0
2026-02-26 19:31:00,104.997,704.9193,0.0
2026-02-26 19:32:00,104.987,706.6691,0.0
2026-02-26 19:33:00,104.971,708.4186,0.0
2026-02-26 19:34:00,104.948,710.1677,0.0
2026-02-26 19:35:00,104.919,711.9164,0.0
2026-02-26 19:36:00,104.883,713.6644,0.0
2026-02-26 19:37:00,104.841,715.4118,0.0
2026-02-26 19:38:00,104.792,717.1583,0.0
2026-02-26 19:39:00,104.737,718.9039,0.0
2026-02-26 19:40:00,104.675,720.6485,0.0
2026-02-26 19:41:00,104.607,722.3919,0.0
2026-02-26 19:42:00,104.533,724.1342,0.0
2026-02-26 19:43:00,104.452,725.875,0.0
2026-02-26 19:44:00,104.365,727.6145,0.0
2026-02-26 19:45:00,104.272,729.3523,0.0
2026-02-26 19:46:00,104.172,731.0885,0.0
2026-02-26 19:47:00,104.067,732.823,0.0
2026-02-26 19:48:00,103.955,734.5556,0.0
2026-02-26 19:49:00,103.836,736.2862,0.0
2026-02-26 19:50:00,103.712,738.0147,0.0
2026-02-26 19:51:00,103.581,739.7411,0.0
2026-02-26 19:52:00,103.445,741.4651,0.0
2026-02-26 19:53:00,103.302,743.1868,0.0
2026-02-26 19:54:00,103.154,744.9061,0.0
2026-02-26 19:55:00,103.0,746.6227,0.0
2026-02-26 19:56:00,102.839,748.3367,0.0
2026-02-26 19:57:00,102.673,750.0479,0.0
2026-02-26 19:58:00,102.501,751.7563,0.0
2026-02-26 19:59:00,102.324,753.4617,0.0
2026-02-26 20:00:00,102.141,755.164,0.0
2026-02-26 20:01:00,101.952,756.8632,0.0
2026-02-26 20:02:00,101.758,758.5592,0.0
2026-02-26 20:03:00,101.558,760.2518,0.0
2026-02-26 20:04:00,101.353,761.941,0.0
2026-02-26 20:05:00,101.142,763.6267,0.0
2026-02-26 20:06:00,100.926,765.3088,0.0
2026-02-26 20:07:00,100.705,766.9873,0.0
2026-02-26 20:08:00,100.479,768.6619,0.0
2026-02-26 20:09:00,100.248,770.3327,0.0
2026-02-26 20:10:00,100.011,771.9996,0.0
2026-02-26 20:11:00,99.77,773.6624,0.0
2026-02-26 20:12:00,99.524,775.3211,0.0
2026-02-26 20:13:00,99.273,776.9757,0.0
2026-02-26 20:14:00,99.018,778.626,0.0
2026-02-26 20:15:00,98.757,780.2719,0.0
2026-02-26 20:16:00,98.493,781.9135,0.0
2026-02-26 20:17:00,98.223,783.5505,0.0
2026-02-26 20:18:00,97.95,785.183,0.0
2026-02-26 20:19:00,97.672,786.8109,0.0
2026-02-26 20:20:00,97.39,788.4341,0.0
2026-02-26 20:21:00,97.103,790.0524,0.0
2026-02-26 20:22:00,96.813,791.666,0.0
2026-02-26 20:23:00,96.519,793.2746,0.0
2026-02-26 20:24:00,96.221,794.8783,0.0
2026-02-26 20:25:00,95.919,796.477,0.0
2026-02-26 20:26:00,95.613,798.0705,0.0
2026-02-26 20:27:00,95.304,799.6589,0.0
2026-02-26 20:28:00,94.991,801.2421,0.0
2026-02-26 20:29:00,94.674,802.82,0.0
2026-02-26 20:30:00,94.355,804.3926,0.0
2026-02-26 20:31:00,94.032,805.9598,0.0
2026-02-26 20:32:00,93.706,807.5215,0.0
2026-02-26 20:33:00,93.376,809.0778,0.0
2026-02-26 20:34:00,93.044,810.6285,0.0
2026-02-26 20:35:00,92.709,812.1737,0.0
2026-02-26 20:36:00,92.371,813.7132,0.0
2026-02-26 20:37:00,92.031,815.2471,0.0
2026-02-26 20:38:00,91.688,816.7752,0.0
2026-02-26 20:39:00,91.342,818.2975,0.0
2026-02-26 20:40:00,90.994,819.8141,0.0
2026-02-26 20:41:00,90.643,821.3248,0.0
2026-02-26 20:42:00,90.29,822.8297,0.0
2026-02-26 20:43:00,89.935,824.3286,0.0
2026-02-26 20:44:00,89.579,825.8216,0.0
2026-02-26 20:45:00,89.22,827.3086,0.0
2026-02-26 20:46:00,88.859,828.7895,0.0
2026-02-26 20:47:00,88.496,830.2645,0.0
2026-02-26 20:48:00,88.132,831.7333,0.0
2026-02-26 20:49:00,87.766,833.1961,0.0
2026-02-26 20:50:00,87.399,834.6528,0.0
2026-02-26 20:51:00,87.03,836.1033,0.0
2026-02-26 20:52:00,86.66,837.5476,0.0
2026-02-26 20:53:00,86.289,838.9857,0.0
2026-02-26 20:54:00,85.916,840.4177,0.0
2026-02-26 20:55:00,85.543,841.8434,0.0
2026-02-26 20:56:00,85.169,843.2629,0.0
2026-02-26 20:57:00,84.793,844.6761,0.0
2026-02-26 20:58:00,84.417,846.0831,0.0
2026-02-26 20:59:00,84.041,847.4837,0.0
2026-02-26 21:00:00,83.663,848.8781,0.0
2026-02-26 21:01:00,83.286,850.2662,0.0
2026-02-26 21:02:00,82.907,851.648,0.0
2026-02-26 21:03:00,82.529,853.0235,0.0
2026-02-26 21:04:00,82.15,854.3926,0.0
2026-02-26 21:05:00,81.771,855.7555,0.0
2026-02-26 21:06:00,81.392,857.112,0.0
2026-02-26 21:07:00,81.013,858.4622,0.0
2026-02-26 21:08:00,80.634,859.8061,0.0
2026-02-26 21:09:00,80.255,861.1437,0.0
2026-02-26 21:10:00,79.876,862.475,0.0
2026-02-26 21:11:00,79.498,863.8,0.0
2026-02-26 21:12:00,79.12,865.1186,0.0
2026-02-26 21:13:00,78.743,866.431,0.0
2026-02-26 21:14:00,78.366,867.7371,0.0
2026-02-26 21:15:00,77.99,869.0369,0.0
2026-02-26 21:16:00,77.614,870.3305,0.0
2026-02-26 21:17:00,77.24,871.6178,0.0
2026-02-26 21:18:00,76.866,872.8989,0.0
2026-02-26 21:19:00,76.493,874.1738,0.0
2026-02-26 21:20:00,76.121,875.4425,0.0
2026-02-26 21:21:00,75.75,876.705,0.0
2026-02-26 21:22:00,75.38,877.9613,0.0
2026-02-26 21:23:00,75.012,879.2115,0.0
2026-02-26 21:24:00,74.644,880.4556,0.0
2026-02-26 21:25:00,74.278,881.6936,0.0
2026-02-26 21:26:00,73.914,882.9255,0.0
2026-02-26 21:27:00,73.55,884.1513,0.0
2026-02-26 21:28:00,73.189,885.3711,0.0
2026-02-26 21:29:00,72.829,886.5849,0.0
2026-02-26 21:30:00,72.47,887.7927,0.0
2026-02-26 21:31:00,72.113,888.9946,0.0
2026-02-26 21:32:00,71.758,890.1906,0.0
2026-02-26 21:33:00,71.405,891.3807,0.0
2026-02-26 21:34:00,71.053,892.5649,0.0
2026-02-26 21:35:00,70.704,893.7433,0.0
2026-02-26 21:36:00,70.356,894.9159,0.0
2026-02-26 21:37:00,70.01,896.0827,0.0
2026-02-26 21:38:00,69.667,897.2438,0.0
2026-02-26 21:39:00,69.325,898.3993,0.0
2026-02-26 21:40:00,68.986,899.549,0.0
2026-02-26 21:41:00,68.649,900.6932,0.0
2026-02-26 21:42:00,68.313,901.8317,0.0
2026-02-26 21:43:00,67.981,902.9647,0.0
2026-02-26 21:44:00,67.65,904.0922,0.0
2026-02-26 21:45:00,67.322,905.2143,0.0
2026-02-26 21:46:00,66.996,906.3309,0.0
2026-02-26 21:47:00,66.673,907.4421,0.0
2026-02-26 21:48:00,66.352,908.548,0.0
2026-02-26 21:49:00,66.033,909.6485,0.0
2026-02-26 21:50:00,65.717,910.7438,0.0
2026-02-26 21:51:00,65.404,911.8339,0.0
2026-02-26 21:52:00,65.093,912.9188,0.0
2026-02-26 21:53:00,64.785,913.9985,0.0
2026-02-26 21:54:00,64.479,915.0732,0.0
2026-02-26 21:55:00,64.176,916.1428,0.0
2026-02-26 21:56:00,63.876,917.2074,0.0
2026-02-26 21:57:00,63.578,918.267,0.0
2026-02-26 21:58:00,63.283,919.3217,0.0
2026-02-26 21:59:00,62.991,920.3716,0.0
2026-02-26 22:00:00,62.701,921.4166,0.0
2026-02-26 22:01:00,62.415,922.4568,0.0
2026-02-26 22:02:00,62.131,923.4923,0.0
2026-02-26 22:03:00,61.85,924.5232,0.0
2026-02-26 22:04:00,61.571,925.5494,0.0
2026-02-26 22:05:00,61.296,926.5709,0.0
2026-02-26 22:06:00,61.023,927.588,0.0
2026-02-26 22:07:00,60.753,928.6006,0.0
2026-02-26 22:08:00,60.486,929.6087,0.0
2026-02-26 22:09:00,60.222,930.6124,0.0
2026-02-26 22:10:00,59.961,931.6117,0.0
2026-02-26 22:11:00,59.703,932.6068,0.0
2026-02-26 22:12:00,59.447,933.5976,0.0
2026-02-26 22:13:00,59.195,934.5841,0.0
2026-02-26 22:14:00,58.945,935.5666,0.0
2026-02-26 22:15:00,58.699,936.5449,0.0
2026-02-26 22:16:00,58.455,937.5191,0.0
2026-02-26 22:17:00,58.214,938.4893,0.0
2026-02-26 22:18:00,57.976,939.4556,0.0
2026-02-26 22:19:00,57.741,940.418,0.0
2026-02-26 22:20:00,57.509,941.3764,0.0
2026-02-26 22:21:00,57.279,942.3311,0.0
2026-02-26 22:22:00,57.053,943.282,0.0
2026-02-26 22:23:00,56.829,944.2291,0.0
2026-02-26 22:24:00,56.609,945.1726,0.0
2026-02-26 22:25:00,56.391,946.1125,0.0
2026-02-26 22:26:00,56.176,947.0487,0.0
2026-02-26 22:27:00,55.964,947.9815,0.0
2026-02-26 22:28:00,55.755,948.9107,0.0
2026-02-26 22:29:00,55.549,949.8365,0.0
2026-02-26 22:30:00,55.345,950.759,0.0
2026-02-26 22:31:00,55.145,951.678,0.0
2026-02-26 22:32:00,54.947,952.5938,0.0
2026-02-26 22:33:00,54.752,953.5063,0.0
2026-02-26 22:34:00,54.56,954.4157,0.0
2026-02-26 22:35:00,54.37,955.3218,0.0
2026-02-26 22:36:00,54.183,956.2249,0.0
2026-02-26 22:37:00,53.999,957.1249,0.0
2026-02-26 22:38:00,53.818,958.0219,0.0
2026-02-26 22:39:00,53.64,958.9158,0.0
2026-02-26 22:40:00,53.464,959.8069,0.0
2026-02-26 22:41:00,53.291,960.6951,0.0
2026-02-26 22:42:00,53.12,961.5804,0.0
2026-02-26 22:43:00,52.952,962.463,0.0
2026-02-26 22:44:00,52.787,963.3427,0.0
2026-02-26 22:45:00,52.624,964.2198,0.0
2026-02-26 22:46:00,52.464,965.0942,0.0
2026-02-26 22:47:00,52.307,965.966,0.0
2026-02-26 22:48:00,52.152,966.8352,0.0
2026-02-26 22:49:00,52.0,967.7019,0.0
2026-02-26 22:50:00,51.85,968.566,0.0
2026-02-26 22:51:00,51.702,969.4277,0.0
2026-02-26 22:52:00,51.557,970.287,0.0
2026-02-26 22:53:00,51.415,971.1439,0.0
2026-02-26 22:54:00,51.275,971.9985,0.0
2026-02-26 22:55:00,51.137,972.8508,0.0
2026-02-26 22:56:00,51.002,973.7008,0.0
2026-02-26 22:57:00,50.869,974.5486,0.0
2026-02-26 22:58:00,50.738,975.3943,0.0
2026-02-26 22:59:00,50.61,976.2378,0.0
2026-02-26 23:00:00,50.484,977.0792,0.0
2026-02-26 23:01:00,50.36,977.9185,0.0
2026-02-26 23:02:00,50.238,978.7558,0.0
2026-02-26 23:03:00,50.119,979.5911,0.0
2026-02-26 23:04:00,50.002,980.4245,0.0
2026-02-26 23:05:00,49.887,981.2559,0.0
2026-02-26 23:06:00,49.774,982.0855,0.0
2026-02-26 23:07:00,49.663,982.9132,0.0
2026-02-26 23:08:00,49.554,983.7391,0.0
2026-02-26 23:09:00,49.447,984.5632,0.0
2026-02-26 23:10:00,49.343,985.3856,0.0
2026-02-26 23:11:00,49.24,986.2062,0.0
2026-02-26 23:12:00,49.139,987.0252,0.0
2026-02-26 23:13:00,49.041,987.8426,0.0
2026-02-26 23:14:00,48.944,988.6583,0.0
2026-02-26 23:15:00,48.849,989.4725,0.0
2026-02-26 23:16:00,48.756,990.285,0.0
2026-02-26 23:17:00,48.665,991.0961,0.0
2026-02-26 23:18:00,48.575,991.9057,0.0
2026-02-26 23:19:00,48.488,992.7138,0.0
2026-02-26 23:20:00,48.402,993.5205,0.0
2026-02-26 23:21:00,48.318,994.3258,0.0
2026-02-26 23:22:00,48.236,995.1298,0.0
2026-02-26 23:23:00,48.155,995.9323,0.0
2026-02-26 23:24:00,48.076,996.7336,0.0
2026-02-26 23:25:00,47.999,997.5336,0.0
2026-02-26 23:26:00,47.923,998.3323,0.0
2026-02-26 23:27:00,47.849,999.1298,0.0
2026-02-26 23:28:00,47.777,999.9261,0.0
2026-02-26 23:29:00,47.706,1000.7212,0.0
2026-02-26 23:30:00,47.636,1001.5151,0.0
2026-02-26 23:31:00,47.568,1002.3079,0.0
2026-02-26 23:32:00,47.502,1003.0996,0.0
2026-02-26 23:33:00,47.437,1003.8902,0.0
2026-02-26 23:34:00,47.373,1004.6798,0.0
2026-02-26 23:35:00,47.311,1005.4683,0.0
2026-02-26 23:36:00,47.25,1006.2558,0.0
2026-02-26 23:37:00,47.191,1007.0423,0.0
2026-02-26 23:38:00,47.133,1007.8279,0.0
2026-02-26 23:39:00,47.076,1008.6125,0.0
2026-02-26 23:40:00,47.021,1009.3962,0.0
2026-02-26 23:41:00,46.967,1010.1789,0.0
2026-02-26 23:42:00,46.914,1010.9608,0.0
2026-02-26 23:43:00,46.862,1011.7419,0.0
2026-02-26 23:44:00,46.811,1012.5221,0.0
2026-02-26 23:45:00,46.762,1013.3014,0.0
2026-02-26 23:46:00,46.714,1014.08,0.0
2026-02-26 23:47:00,46.667,1014.8578,0.0
2026-02-26 23:48:00,46.621,1015.6348,0.0
2026-02-26 23:49:00,46.576,1016.4111,0.0
2026-02-26 23:50:00,46.532,1017.1866,0.0
2026-02-26 23:51:00,46.49,1017.9614,0.0
2026-02-26 23:52:00,46.448,1018.7356,0.0
2026-02-26 23:53:00,46.407,1019.509,0.0
2026-02-26 23:54:00,46.368,1020.2818,0.0
2026-02-26 23:55:00,46.329,1021.054,0.0
2026-02-26 23:56:00,46.291,1021.8255,0.0
2026-02-26 23:57:00,46.254,1022.5964,0.0
2026-02-26 23:58:00,46.219,1023.3667,0.0
2026-02-26 23:59:00,46.184,1024.1364,0.0
