time,逆变功率(kW),正向有功总电能,反向有功总电能,逆变限制功率(kW),逆变设置功率(kW)
2026-02-26 00:00:00,0.0,0.0,0.0,125.0,0.0
2026-02-26 00:01:00,0.0,0.0,0.0,125.0,0.0
2026-02-26 00:02:00,0.0,0.0,0.0,125.0,0.0
2026-02-26 00:03:00,0.0,0.0,0.0,125.0,0.0
2026-02-26 00:04:00,0.0,0.0,0.0,125.0,0.0
2026-02-26 00:05:00,0.0,0.0,0.0,125.0,0.0
2026-02-26 00:06:00,0.0,0.0,0.0,125.0,0.0
2026-02-26 00:07:00,0.0,0.0,0.0,125.0,0.0
2026-02-26 00:08:00,0.0,0.0,0.0,125.0,0.0
2026-02-26 00:09:00,0.0,0.0,0.0,125.0,0.0
2026-02-26 00:10:00,0.0,0.0,0.0,125.0,0.0
2026-02-26 00:11:00,0.0,0.0,0.0,125.0,0.0
2026-02-26 00:12:00,0.0,0.0,0.0,125.0,0.0
2026-02-26 00:13:00,0.0,0.0,0.0,125.0,0.0
2026-02-26 00:14:00,0.0,0.0,0.0,125.0,0.0
2026-02-26 00:15:00,0.0,0.0,0.0,125.0,0.0
2026-02-26 00:16:00,0.0,0.0,0.0,125.0,0.0
2026-02-26 00:17:00,0.0,0.0,0.0,125.0,0.0
2026-02-26 00:18:00,0.0,0.0,0.0,125.0,0.0
2026-02-26 00:19:00,0.0,0.0,0.0,125.0,0.0
2026-02-26 00:20:00,0.0,0.0,0.0,125.0,0.0
2026-02-26 00:21:00,0.0,0.0,0.0,125.0,0.0
2026-02-26 00:22:00,0.0,0.0,0.0,125.0,0.0
2026-02-26 00:23:00,0.0,0.0,0.0,125.0,0.0
2026-02-26 00:24:00,0.0,0.0,0.0,125.0,0.0
2026-02-26 00:25:00,0.0,0.0,0.0,125.0,0.0
2026-02-26 00:26:00,0.0,0.0,0.0,125.0,0.0
2026-02-26 00:27:00,0.0,0.0,0.0,125.0,0.0
2026-02-26 00:28:00,0.0,0.0,0.0,125.0,0.0
2026-02-26 00:29:00,0.0,0.0,0.0,125.0,0.0
2026-02-26 00:30:00,0.0,0.0,0.0,125.0,0.0
2026-02-26 00:31:00,0.0,0.0,0.0,125.0,0.0
2026-02-26 00:32:00,0.0,0.0,0.0,125.0,0.0
2026-02-26 00:33:00,0.0,0.0,0.0,125.0,0.0
2026-02-26 00:34:00,0.0,0.0,0.0,125.0,0.0
2026-02-26 00:35:00,0.0,0.0,0.0,125.0,0.0
2026-02-26 00:36:00,0.0,0.0,0.0,125.0,0.0
2026-02-26 00:37:00,0.0,0.0,0.0,125.0,0.0
2026-02-26 00:38:00,0.0,0.0,0.0,125.0,0.0
2026-02-26 00:39:00,0.0,0.0,0.0,125.0,0.0
2026-02-26 00:40:00,0.0,0.0,0.0,125.0,0.0
2026-02-26 00:41:00,0.0,0.0,0.0,125.0,0.0
2026-02-26 00:42:00,0.0,0.0,0.0,125.0,0.0
2026-02-26 00:43:00,0.0,0.0,0.0,125.0,0.0
2026-02-26 00:44:00,0.0,0.0,0.0,125.0,0.0
2026-02-26 00:45:00,0.0,0.0,0.0,125.0,0.0
2026-02-26 00:46:00,0.0,0.0,0.0,125.0,0.0
2026-02-26 00:47:00,0.0,0.0,0.0,125.0,0.0
2026-02-26 00:48:00,0.0,0.0,0.0,125.0,0.0
2026-02-26 00:49:00,0.0,0.0,0.0,125.0,0.0
2026-02-26 00:50:00,0.0,0.0,0.0,125.0,0.0
2026-02-26 00:51:00,0.0,0.0,0.0,125.0,0.0
2026-02-26 00:52:00,0.0,0.0,0.0,125.0,0.0
2026-02-26 00:53:00,0.0,0.0,0.0,125.0,0.0
2026-02-26 00:54:00,0.0,0.0,0.0,125.0,0.0
2026-02-26 00:55:00,0.0,0.0,0.0,125.0,0.0
2026-02-26 00:56:00,0.0,0.0,0.0,125.0,0.0
2026-02-26 00:57:00,0.0,0.0,0.0,125.0,0.0
2026-02-26 00:58:00,0.0,0.0,0.0,125.0,0.0
2026-02-26 00:59:00,0.0,0.0,0.0,125.0,0.0
2026-02-26 01:00:00,0.0,0.0,0.0,125.0,0.0
2026-02-26 01:01:00,0.0,0.0,0.0,125.0,0.0
2026-02-26 01:02:00,0.0,0.0,0.0,125.0,0.0
2026-02-26 01:03:00,0.0,0.0,0.0,125.0,0.0
2026-02-26 01:04:00,0.0,0.0,0.0,125.0,0.0
2026-02-26 01:05:00,0.0,0.0,0.0,125.0,0.0
2026-02-26 01:06:00,0.0,0.0,0.0,125.0,0.0
2026-02-26 01:07:00,0.0,0.0,0.0,125.0,0.0
2026-02-26 01:08:00,0.0,0.0,0.0,125.0,0.0
2026-02-26 01:09:00,0.0,0.0,0.0,125.0,0.0
2026-02-26 01:10:00,0.0,0.0,0.0,125.0,0.0
2026-02-26 01:11:00,0.0,0.0,0.0,125.0,0.0
2026-02-26 01:12:00,0.0,0.0,0.0,125.0,0.0
2026-02-26 01:13:00,0.0,0.0,0.0,125.0,0.0
2026-02-26 01:14:00,0.0,0.0,0.0,125.0,0.0
2026-02-26 01:15:00,0.0,0.0,0.0,125.0,0.0
2026-02-26 01:16:00,0.0,0.0,0.0,125.0,0.0
2026-02-26 01:17:00,0.0,0.0,0.0,125.0,0.0
2026-02-26 01:18:00,0.0,0.0,0.0,125.0,0.0
2026-02-26 01:19:00,0.0,0.0,0.0,125.0,0.0
2026-02-26 01:20:00,0.0,0.0,0.0,125.0,0.0
2026-02-26 01:21:00,0.0,0.0,0.0,125.0,0.0
2026-02-26 01:22:00,0.0,0.0,0.0,125.0,0.0
2026-02-26 01:23:00,0.0,0.0,0.0,125.0,0.0
2026-02-26 01:24:00,0.0,0.0,0.0,125.0,0.0
2026-02-26 01:25:00,0.0,0.0,0.0,125.0,0.0
2026-02-26 01:26:00,0.0,0.0,0.0,125.0,0.0
2026-02-26 01:27:00,0.0,0.0,0.0,125.0,0.0
2026-02-26 01:28:00,0.0,0.0,0.0,125.0,0.0
2026-02-26 01:29:00,0.0,0.0,0.0,125.0,0.0
2026-02-26 01:30:00,0.0,0.0,0.0,125.0,0.0
2026-02-26 01:31:00,0.0,0.0,0.0,125.0,0.0
2026-02-26 01:32:00,0.0,0.0,0.0,125.0,0.0
2026-02-26 01:33:00,0.0,0.0,0.0,125.0,0.0
2026-02-26 01:34:00,0.0,0.0,0.0,125.0,0.0
2026-02-26 01:35:00,0.0,0.0,0.0,125.0,0.0
2026-02-26 01:36:00,0.0,0.0,0.0,125.0,0.0
2026-02-26 01:37:00,0.0,0.0,0.0,125.0,0.0
2026-02-26 01:38:00,0.0,0.0,0.0,125.0,0.0
2026-02-26 01:39:00,0.0,0.0,0.0,125.0,0.0
2026-02-26 01:40:00,0.0,0.0,0.0,125.0,0.0
2026-02-26 01:41:00,0.0,0.0,0.0,125.0,0.0
2026-02-26 01:42:00,0.0,0.0,0.0,125.0,0.0
2026-02-26 01:43:00,0.0,0.0,0.0,125.0,0.0
2026-02-26 01:44:00,0.0,0.0,0.0,125.0,0.0
2026-02-26 01:45:00,0.0,0.0,0.0,125.0,0.0
2026-02-26 01:46:00,0.0,0.0,0.0,125.0,0.0
2026-02-26 01:47:00,0.0,0.0,0.0,125.0,0.0
2026-02-26 01:48:00,0.0,0.0,0.0,125.0,0.0
2026-02-26 01:49:00,0.0,0.0,0.0,125.0,0.0
2026-02-26 01:50:00,0.0,0.0,0.0,125.0,0.0
2026-02-26 01:51:00,0.0,0.0,0.0,125.0,0.0
2026-02-26 01:52:00,0.0,0.0,0.0,125.0,0.0
2026-02-26 01:53:00,0.0,0.0,0.0,125.0,0.0
2026-02-26 01:54:00,0.0,0.0,0.0,125.0,0.0
2026-02-26 01:55:00,0.0,0.0,0.0,125.0,0.0
2026-02-26 01:56:00,0.0,0.0,0.0,125.0,0.0
2026-02-26 01:57:00,0.0,0.0,0.0,125.0,0.0
2026-02-26 01:58:00,0.0,0.0,0.0,125.0,0.0
2026-02-26 01:59:00,0.0,0.0,0.0,125.0,0.0
2026-02-26 02:00:00,0.0,0.0,0.0,125.0,0.0
2026-02-26 02:01:00,0.0,0.0,0.0,125.0,0.0
2026-02-26 02:02:00,0.0,0.0,0.0,125.0,0.0
2026-02-26 02:03:00,0.0,0.0,0.0,125.0,0.0
2026-02-26 02:04:00,0.0,0.0,0.0,125.0,0.0
2026-02-26 02:05:00,0.0,0.0,0.0,125.0,0.0
2026-02-26 02:06:00,0.0,0.0,0.0,125.0,0.0
2026-02-26 02:07:00,0.0,0.0,0.0,125.0,0.0
2026-02-26 02:08:00,0.0,0.0,0.0,125.0,0.0
2026-02-26 02:09:00,0.0,0.0,0.0,125.0,0.0
2026-02-26 02:10:00,0.0,0.0,0.0,125.0,0.0
2026-02-26 02:11:00,0.0,0.0,0.0,125.0,0.0
2026-02-26 02:12:00,0.0,0.0,0.0,125.0,0.0
2026-02-26 02:13:00,0.0,0.0,0.0,125.0,0.0
2026-02-26 02:14:00,0.0,0.0,0.0,125.0,0.0
2026-02-26 02:15:00,0.0,0.0,0.0,125.0,0.0
2026-02-26 02:16:00,0.0,0.0,0.0,125.0,0.0
2026-02-26 02:17:00,0.0,0.0,0.0,125.0,0.0
2026-02-26 02:18:00,0.0,0.0,0.0,125.0,0.0
2026-02-26 02:19:00,0.0,0.0,0.0,125.0,0.0
2026-02-26 02:20:00,0.0,0.0,0.0,125.0,0.0
2026-02-26 02:21:00,0.0,0.0,0.0,125.0,0.0
2026-02-26 02:22:00,0.0,0.0,0.0,125.0,0.0
2026-02-26 02:23:00,0.0,0.0,0.0,125.0,0.0
2026-02-26 02:24:00,0.0,0.0,0.0,125.0,0.0
2026-02-26 02:25:00,0.0,0.0,0.0,125.0,0.0
2026-02-26 02:26:00,0.0,0.0,0.0,125.0,0.0
2026-02-26 02:27:00,0.0,0.0,0.0,125.0,0.0
2026-02-26 02:28:00,0.0,0.0,0.0,125.0,0.0
2026-02-26 02:29:00,0.0,0.0,0.0,125.0,0.0
2026-02-26 02:30:00,0.0,0.0,0.0,125.0,0.0
2026-02-26 02:31:00,0.0,0.0,0.0,125.0,0.0
2026-02-26 02:32:00,0.0,0.0,0.0,125.0,0.0
2026-02-26 02:33:00,0.0,0.0,0.0,125.0,0.0
2026-02-26 02:34:00,0.0,0.0,0.0,125.0,0.0
2026-02-26 02:35:00,0.0,0.0,0.0,125.0,0.0
2026-02-26 02:36:00,0.0,0.0,0.0,125.0,0.0
2026-02-26 02:37:00,0.0,0.0,0.0,125.0,0.0
2026-02-26 02:38:00,0.0,0.0,0.0,125.0,0.0
2026-02-26 02:39:00,0.0,0.0,0.0,125.0,0.0
2026-02-26 02:40:00,0.0,0.0,0.0,125.0,0.0
2026-02-26 02:41:00,0.0,0.0,0.0,125.0,0.0
2026-02-26 02:42:00,0.0,0.0,0.0,125.0,0.0
2026-02-26 02:43:00,0.0,0.0,0.0,125.0,0.0
2026-02-26 02:44:00,0.0,0.0,0.0,125.0,0.0
2026-02-26 02:45:00,0.0,0.0,0.0,125.0,0.0
2026-02-26 02:46:00,0.0,0.0,0.0,125.0,0.0
2026-02-26 02:47:00,0.0,0.0,0.0,125.0,0.0
2026-02-26 02:48:00,0.0,0.0,0.0,125.0,0.0
2026-02-26 02:49:00,0.0,0.0,0.0,125.0,0.0
2026-02-26 02:50:00,0.0,0.0,0.0,125.0,0.0
2026-02-26 02:51:00,0.0,0.0,0.0,125.0,0.0
2026-02-26 02:52:00,0.0,0.0,0.0,125.0,0.0
2026-02-26 02:53:00,0.0,0.0,0.0,125.0,0.0
2026-02-26 02:54:00,0.0,0.0,0.0,125.0,0.0
2026-02-26 02:55:00,0.0,0.0,0.0,125.0,0.0
2026-02-26 02:56:00,0.0,0.0,0.0,125.0,0.0
2026-02-26 02:57:00,0.0,0.0,0.0,125.0,0.0
2026-02-26 02:58:00,0.0,0.0,0.0,125.0,0.0
2026-02-26 02:59:00,0.0,0.0,0.0,125.0,0.0
2026-02-26 03:00:00,0.0,0.0,0.0,125.0,0.0
2026-02-26 03:01:00,0.0,0.0,0.0,125.0,0.0
2026-02-26 03:02:00,0.0,0.0,0.0,125.0,0.0
2026-02-26 03:03:00,0.0,0.0,0.0,125.0,0.0
2026-02-26 03:04:00,0.0,0.0,0.0,125.0,0.0
2026-02-26 03:05:00,0.0,0.0,0.0,125.0,0.0
2026-02-26 03:06:00,0.0,0.0,0.0,125.0,0.0
2026-02-26 03:07:00,0.0,0.0,0.0,125.0,0.0
2026-02-26 03:08:00,0.0,0.0,0.0,125.0,0.0
2026-02-26 03:09:00,0.0,0.0,0.0,125.0,0.0
2026-02-26 03:10:00,0.0,0.0,0.0,125.0,0.0
2026-02-26 03:11:00,0.0,0.0,0.0,125.0,0.0
2026-02-26 03:12:00,0.0,0.0,0.0,125.0,0.0
2026-02-26 03:13:00,0.0,0.0,0.0,125.0,0.0
2026-02-26 03:14:00,0.0,0.0,0.0,125.0,0.0
2026-02-26 03:15:00,0.0,0.0,0.0,125.0,0.0
2026-02-26 03:16:00,0.0,0.0,0.0,125.0,0.0
2026-02-26 03:17:00,0.0,0.0,0.0,125.0,0.0
2026-02-26 03:18:00,0.0,0.0,0.0,125.0,0.0
2026-02-26 03:19:00,0.0,0.0,0.0,125.0,0.0
2026-02-26 03:20:00,0.0,0.0,0.0,125.0,0.0
2026-02-26 03:21:00,0.0,0.0,0.0,125.0,0.0
2026-02-26 03:22:00,0.0,0.0,0.0,125.0,0.0
2026-02-26 03:23:00,0.0,0.0,0.0,125.0,0.0
2026-02-26 03:24:00,0.0,0.0,0.0,125.0,0.0
2026-02-26 03:25:00,0.0,0.0,0.0,125.0,0.0
2026-02-26 03:26:00,0.0,0.0,0.0,125.0,0.0
2026-02-26 03:27:00,0.0,0.0,0.0,125.0,0.0
2026-02-26 03:28:00,0.0,0.0,0.0,125.0,0.0
2026-02-26 03:29:00,0.0,0.0,0.0,125.0,0.0
2026-02-26 03:30:00,0.0,0.0,0.0,125.0,0.0
2026-02-26 03:31:00,0.0,0.0,0.0,125.0,0.0
2026-02-26 03:32:00,0.0,0.0,0.0,125.0,0.0
2026-02-26 03:33:00,0.0,0.0,0.0,125.0,0.0
2026-02-26 03:34:00,0.0,0.0,0.0,125.0,0.0
2026-02-26 03:35:00,0.0,0.0,0.0,125.0,0.0
2026-02-26 03:36:00,0.0,0.0,0.0,125.0,0.0
2026-02-26 03:37:00,0.0,0.0,0.0,125.0,0.0
2026-02-26 03:38:00,0.0,0.0,0.0,125.0,0.0
2026-02-26 03:39:00,0.0,0.0,0.0,125.0,0.0
2026-02-26 03:40:00,0.0,0.0,0.0,125.0,0.0
2026-02-26 03:41:00,0.0,0.0,0.0,125.0,0.0
2026-02-26 03:42:00,0.0,0.0,0.0,125.0,0.0
2026-02-26 03:43:00,0.0,0.0,0.0,125.0,0.0
2026-02-26 03:44:00,0.0,0.0,0.0,125.0,0.0
2026-02-26 03:45:00,0.0,0.0,0.0,125.0,0.0
2026-02-26 03:46:00,0.0,0.0,0.0,125.0,0.0
2026-02-26 03:47:00,0.0,0.0,0.0,125.0,0.0
2026-02-26 03:48:00,0.0,0.0,0.0,125.0,0.0
2026-02-26 03:49:00,0.0,0.0,0.0,125.0,0.0
2026-02-26 03:50:00,0.0,0.0,0.0,125.0,0.0
2026-02-26 03:51:00,0.0,0.0,0.0,125.0,0.0
2026-02-26 03:52:00,0.0,0.0,0.0,125.0,0.0
2026-02-26 03:53:00,0.0,0.0,0.0,125.0,0.0
2026-02-26 03:54:00,0.0,0.0,0.0,125.0,0.0
2026-02-26 03:55:00,0.0,0.0,0.0,125.0,0.0
2026-02-26 03:56:00,0.0,0.0,0.0,125.0,0.0
2026-02-26 03:57:00,0.0,0.0,0.0,125.0,0.0
2026-02-26 03:58:00,0.0,0.0,0.0,125.0,0.0
2026-02-26 03:59:00,0.0,0.0,0.0,125.0,0.0
2026-02-26 04:00:00,0.0,0.0,0.0,125.0,0.0
2026-02-26 04:01:00,0.0,0.0,0.0,125.0,0.0
2026-02-26 04:02:00,0.0,0.0,0.0,125.0,0.0
2026-02-26 04:03:00,0.0,0.0,0.0,125.0,0.0
2026-02-26 04:04:00,0.0,0.0,0.0,125.0,0.0
2026-02-26 04:05:00,0.0,0.0,0.0,125.0,0.0
2026-02-26 04:06:00,0.0,0.0,0.0,125.0,0.0
2026-02-26 04:07:00,0.0,0.0,0.0,125.0,0.0
2026-02-26 04:08:00,0.0,0.0,0.0,125.0,0.0
2026-02-26 04:09:00,0.0,0.0,0.0,125.0,0.0
2026-02-26 04:10:00,0.0,0.0,0.0,125.0,0.0
2026-02-26 04:11:00,0.0,0.0,0.0,125.0,0.0
2026-02-26 04:12:00,0.0,0.0,0.0,125.0,0.0
2026-02-26 04:13:00,0.0,0.0,0.0,125.0,0.0
2026-02-26 04:14:00,0.0,0.0,0.0,125.0,0.0
2026-02-26 04:15:00,0.0,0.0,0.0,125.0,0.0
2026-02-26 04:16:00,0.0,0.0,0.0,125.0,0.0
2026-02-26 04:17:00,0.0,0.0,0.0,125.0,0.0
2026-02-26 04:18:00,0.0,0.0,0.0,125.0,0.0
2026-02-26 04:19:00,0.0,0.0,0.0,125.0,0.0
2026-02-26 04:20:00,0.0,0.0,0.0,125.0,0.0
2026-02-26 04:21:00,0.0,0.0,0.0,125.0,0.0
2026-02-26 04:22:00,0.0,0.0,0.0,125.0,0.0
2026-02-26 04:23:00,0.0,0.0,0.0,125.0,0.0
2026-02-26 04:24:00,0.0,0.0,0.0,125.0,0.0
2026-02-26 04:25:00,0.0,0.0,0.0,125.0,0.0
2026-02-26 04:26:00,0.0,0.0,0.0,125.0,0.0
2026-02-26 04:27:00,0.0,0.0,0.0,125.0,0.0
2026-02-26 04:28:00,0.0,0.0,0.0,125.0,0.0
2026-02-26 04:29:00,0.0,0.0,0.0,125.0,0.0
2026-02-26 04:30:00,0.0,0.0,0.0,125.0,0.0
2026-02-26 04:31:00,0.0,0.0,0.0,125.0,0.0
2026-02-26 04:32:00,0.0,0.0,0.0,125.0,0.0
2026-02-26 04:33:00,0.0,0.0,0.0,125.0,0.0
2026-02-26 04:34:00,0.0,0.0,0.0,125.0,0.0
2026-02-26 04:35:00,0.0,0.0,0.0,125.0,0.0
2026-02-26 04:36:00,0.0,0.0,0.0,125.0,0.0
2026-02-26 04:37:00,0.0,0.0,0.0,125.0,0.0
2026-02-26 04:38:00,0.0,0.0,0.0,125.0,0.0
2026-02-26 04:39:00,0.0,0.0,0.0,125.0,0.0
2026-02-26 04:40:00,0.0,0.0,0.0,125.0,0.0
2026-02-26 04:41:00,0.0,0.0,0.0,125.0,0.0
2026-02-26 04:42:00,0.0,0.0,0.0,125.0,0.0
2026-02-26 04:43:00,0.0,0.0,0.0,125.0,0.0
2026-02-26 04:44:00,0.0,0.0,0.0,125.0,0.0
2026-02-26 04:45:00,0.0,0.0,0.0,125.0,0.0
2026-02-26 04:46:00,0.0,0.0,0.0,125.0,0.0
2026-02-26 04:47:00,0.0,0.0,0.0,125.0,0.0
2026-02-26 04:48:00,0.0,0.0,0.0,125.0,0.0
2026-02-26 04:49:00,0.0,0.0,0.0,125.0,0.0
2026-02-26 04:50:00,0.0,0.0,0.0,125.0,0.0
2026-02-26 04:51:00,0.0,0.0,0.0,125.0,0.0
2026-02-26 04:52:00,0.0,0.0,0.0,125.0,0.0
2026-02-26 04:53:00,0.0,0.0,0.0,125.0,0.0
2026-02-26 04:54:00,0.0,0.0,0.0,125.0,0.0
2026-02-26 04:55:00,0.0,0.0,0.0,125.0,0.0
2026-02-26 04:56:00,0.0,0.0,0.0,125.0,0.0
2026-02-26 04:57:00,0.0,0.0,0.0,125.0,0.0
2026-02-26 04:58:00,0.0,0.0,0.0,125.0,0.0
2026-02-26 04:59:00,0.0,0.0,0.0,125.0,0.0
2026-02-26 05:00:00,0.0,0.0,0.0,125.0,0.0
2026-02-26 05:01:00,0.0,0.0,0.0,125.0,0.0
2026-02-26 05:02:00,0.0,0.0,0.0,125.0,0.0
2026-02-26 05:03:00,0.0,0.0,0.0,125.0,0.0
2026-02-26 05:04:00,0.0,0.0,0.0,125.0,0.0
2026-02-26 05:05:00,0.0,0.0,0.0,125.0,0.0
2026-02-26 05:06:00,0.0,0.0,0.0,125.0,0.0
2026-02-26 05:07:00,0.0,0.0,0.0,125.0,0.0
2026-02-26 05:08:00,0.0,0.0,0.0,125.0,0.0
2026-02-26 05:09:00,0.0,0.0,0.0,125.0,0.0
2026-02-26 05:10:00,0.0,0.0,0.0,125.0,0.0
2026-02-26 05:11:00,0.0,0.0,0.0,125.0,0.0
2026-02-26 05:12:00,0.0,0.0,0.0,125.0,0.0
2026-02-26 05:13:00,0.0,0.0,0.0,125.0,0.0
2026-02-26 05:14:00,0.0,0.0,0.0,125.0,0.0
2026-02-26 05:15:00,0.0,0.0,0.0,125.0,0.0
2026-02-26 05:16:00,0.0,0.0,0.0,125.0,0.0
2026-02-26 05:17:00,0.0,0.0,0.0,125.0,0.0
2026-02-26 05:18:00,0.0,0.0,0.0,125.0,0.0
2026-02-26 05:19:00,0.0,0.0,0.0,125.0,0.0
2026-02-26 05:20:00,0.0,0.0,0.0,125.0,0.0
2026-02-26 05:21:00,0.0,0.0,0.0,125.0,0.0
2026-02-26 05:22:00,0.0,0.0,0.0,125.0,0.0
2026-02-26 05:23:00,0.0,0.0,0.0,125.0,0.0
2026-02-26 05:24:00,0.0,0.0,0.0,125.0,0.0
2026-02-26 05:25:00,0.0,0.0,0.0,125.0,0.0
2026-02-26 05:26:00,0.0,0.0,0.0,125.0,0.0
2026-02-26 05:27:00,0.0,0.0,0.0,125.0,0.0
2026-02-26 05:28:00,0.0,0.0,0.0,125.0,0.0
2026-02-26 05:29:00,0.0,0.0,0.0,125.0,0.0
2026-02-26 05:30:00,0.0,0.0,0.0,125.0,0.0
2026-02-26 05:31:00,0.0,0.0,0.0,125.0,0.0
2026-02-26 05:32:00,0.0,0.0,0.0,125.0,0.0
2026-02-26 05:33:00,0.0,0.0,0.0,125.0,0.0
2026-02-26 05:34:00,0.0,0.0,0.0,125.0,0.0
2026-02-26 05:35:00,0.0,0.0,0.0,125.0,0.0
2026-02-26 05:36:00,0.0,0.0,0.0,125.0,0.0
2026-02-26 05:37:00,0.0,0.0,0.0,125.0,0.0
2026-02-26 05:38:00,0.0,0.0,0.0,125.0,0.0
2026-02-26 05:39:00,0.0,0.0,0.0,125.0,0.0
2026-02-26 05:40:00,0.0,0.0,0.0,125.0,0.0
2026-02-26 05:41:00,0.0,0.0,0.0,125.0,0.0
2026-02-26 05:42:00,0.0,0.0,0.0,125.0,0.0
2026-02-26 05:43:00,0.0,0.0,0.0,125.0,0.0
2026-02-26 05:44:00,0.0,0.0,0.0,125.0,0.0
2026-02-26 05:45:00,0.0,0.0,0.0,125.0,0.0
2026-02-26 05:46:00,0.0,0.0,0.0,125.0,0.0
2026-02-26 05:47:00,0.0,0.0,0.0,125.0,0.0
2026-02-26 05:48:00,0.0,0.0,0.0,125.0,0.0
2026-02-26 05:49:00,0.0,0.0,0.0,125.0,0.0
2026-02-26 05:50:00,0.0,0.0,0.0,125.0,0.0
2026-02-26 05:51:00,0.0,0.0,0.0,125.0,0.0
2026-02-26 05:52:00,0.0,0.0,0.0,125.0,0.0
2026-02-26 05:53:00,0.0,0.0,0.0,125.0,0.0
2026-02-26 05:54:00,0.0,0.0,0.0,125.0,0.0
2026-02-26 05:55:00,0.0,0.0,0.0,125.0,0.0
2026-02-26 05:56:00,0.0,0.0,0.0,125.0,0.0
2026-02-26 05:57:00,0.0,0.0,0.0,125.0,0.0
2026-02-26 05:58:00,0.0,0.0,0.0,125.0,0.0
2026-02-26 05:59:00,0.0,0.0,0.0,125.0,0.0
2026-02-26 06:00:00,0.0,0.0,0.0,125.0,0.0
2026-02-26 06:01:00,0.175,0.0029,0.0,125.0,0.175
2026-02-26 06:02:00,0.349,0.0087,0.0,125.0,0.349
2026-02-26 06:03:00,0.524,0.0175,0.0,125.0,0.524
2026-02-26 06:04:00,0.698,0.0291,0.0,125.0,0.698
2026-02-26 06:05:00,0.873,0.0436,0.0,125.0,0.873
2026-02-26 06:06:00,1.047,0.0611,0.0,125.0,1.047
2026-02-26 06:07:00,1.222,0.0814,0.0,125.0,1.222
2026-02-26 06:08:00,1.396,0.1047,0.0,125.0,1.396
2026-02-26 06:09:00,1.57,0.1309,0.0,125.0,1.57
2026-02-26 06:10:00,1.745,0.16,0.0,125.0,1.745
2026-02-26 06:11:00,1.919,0.1919,0.0,125.0,1.919
2026-02-26 06:12:00,2.093,0.2268,0.0,125.0,2.093
2026-02-26 06:13:00,2.268,0.2646,0.0,125.0,2.268
2026-02-26 06:14:00,2.442,0.3053,0.0,125.0,2.442
2026-02-26 06:15:00,2.616,0.3489,0.0,125.0,2.616
2026-02-26 06:16:00,2.79,0.3954,0.0,125.0,2.79
2026-02-26 06:17:00,2.964,0.4448,0.0,125.0,2.964
2026-02-26 06:18:00,3.138,0.4971,0.0,125.0,3.138
2026-02-26 06:19:00,3.312,0.5524,0.0,125.0,3.312
2026-02-26 06:20:00,3.486,0.6105,0.0,125.0,3.486
2026-02-26 06:21:00,3.66,0.6715,0.0,125.0,3.66
2026-02-26 06:22:00,3.834,0.7354,0.0,125.0,3.834
2026-02-26 06:23:00,4.008,0.8021,0.0,125.0,4.008
2026-02-26 06:24:00,4.181,0.8718,0.0,125.0,4.181
2026-02-26 06:25:00,4.355,0.9444,0.0,125.0,4.355
2026-02-26 06:26:00,4.528,1.0199,0.0,125.0,4.528
2026-02-26 06:27:00,4.701,1.0982,0.0,125.0,4.701
2026-02-26 06:28:00,4.875,1.1795,0.0,125.0,4.875
2026-02-26 06:29:00,5.048,1.2636,0.0,125.0,5.048
2026-02-26 06:30:00,5.221,1.3506,0.0,125.0,5.221
2026-02-26 06:31:00,5.394,1.4405,0.0,125.0,5.394
2026-02-26 06:32:00,5.567,1.5333,0.0,125.0,5.567
2026-02-26 06:33:00,5.74,1.629,0.0,125.0,5.74
2026-02-26 06:34:00,5.912,1.7275,0.0,125.0,5.912
2026-02-26 06:35:00,6.085,1.8289,0.0,125.0,6.085
2026-02-26 06:36:00,6.257,1.9332,0.0,125.0,6.257
2026-02-26 06:37:00,6.43,2.0404,0.0,125.0,6.43
2026-02-26 06:38:00,6.602,2.1504,0.0,125.0,6.602
2026-02-26 06:39:00,6.774,2.2633,0.0,125.0,6.774
2026-02-26 06:40:00,6.946,2.3791,0.0,125.0,6.946
2026-02-26 06:41:00,7.118,2.4977,0.0,125.0,7.118
2026-02-26 06:42:00,7.289,2.6192,0.0,125.0,7.289
2026-02-26 06:43:00,7.461,2.7436,0.0,125.0,7.461
2026-02-26 06:44:00,7.632,2.8708,0.0,125.0,7.632
2026-02-26 06:45:00,7.804,3.0008,0.0,125.0,7.804
2026-02-26 06:46:00,7.975,3.1337,0.0,125.0,7.975
2026-02-26 06:47:00,8.146,3.2695,0.0,125.0,8.146
2026-02-26 06:48:00,8.316,3.4081,0.0,125.0,8.316
2026-02-26 06:49:00,8.487,3.5496,0.0,125.0,8.487
2026-02-26 06:50:00,8.658,3.6938,0.0,125.0,8.658
2026-02-26 06:51:00,8.828,3.841,0.0,125.0,8.828
2026-02-26 06:52:00,8.998,3.9909,0.0,125.0,8.998
2026-02-26 06:53:00,9.168,4.1437,0.0,125.0,9.168
2026-02-26 06:54:00,9.338,4.2994,0.0,125.0,9.338
2026-02-26 06:55:00,9.507,4.4578,0.0,125.0,9.507
2026-02-26 06:56:00,9.677,4.6191,0.0,125.0,9.677
2026-02-26 06:57:00,9.846,4.7832,0.0,125.0,9.846
2026-02-26 06:58:00,10.015,4.9501,0.0,125.0,10.015
2026-02-26 06:59:00,10.184,5.1199,0.0,125.0,10.184
2026-02-26 07:00:00,10.353,5.2924,0.0,125.0,10.353
2026-02-26 07:01:00,10.521,5.4678,0.0,125.0,10.521
2026-02-26 07:02:00,10.69,5.6459,0.0,125.0,10.69
2026-02-26 07:03:00,10.858,5.8269,0.0,125.0,10.858
2026-02-26 07:04:00,11.025,6.0106,0.0,125.0,11.025
2026-02-26 07:05:00,11.193,6.1972,0.0,125.0,11.193
2026-02-26 07:06:00,11.361,6.3865,0.0,125.0,11.361
2026-02-26 07:07:00,11.528,6.5787,0.0,125.0,11.528
2026-02-26 07:08:00,11.695,6.7736,0.0,125.0,11.695
2026-02-26 07:09:00,11.862,6.9713,0.0,125.0,11.862
2026-02-26 07:10:00,12.028,7.1718,0.0,125.0,12.028
2026-02-26 07:11:00,12.195,7.375,0.0,125.0,12.195
2026-02-26 07:12:00,12.361,7.581,0.0,125.0,12.361
2026-02-26 07:13:00,12.527,7.7898,0.0,125.0,12.527
2026-02-26 07:14:00,12.692,8.0013,0.0,125.0,12.692
2026-02-26 07:15:00,12.858,8.2156,0.0,125.0,12.858
2026-02-26 07:16:00,13.023,8.4327,0.0,125.0,13.023
2026-02-26 07:17:00,13.188,8.6525,0.0,125.0,13.188
2026-02-26 07:18:00,13.352,8.875,0.0,125.0,13.352
2026-02-26 07:19:00,13.517,9.1003,0.0,125.0,13.517
2026-02-26 07:20:00,13.681,9.3283,0.0,125.0,13.681
2026-02-26 07:21:00,13.845,9.559,0.0,125.0,13.845
2026-02-26 07:22:00,14.008,9.7925,0.0,125.0,14.008
2026-02-26 07:23:00,14.172,10.0287,0.0,125.0,14.172
2026-02-26 07:24:00,14.335,10.2676,0.0,125.0,14.335
2026-02-26 07:25:00,14.498,10.5092,0.0,125.0,14.498
2026-02-26 07:26:00,14.66,10.7536,0.0,125.0,14.66
2026-02-26 07:27:00,14.822,11.0006,0.0,125.0,14.822
2026-02-26 07:28:00,14.984,11.2503,0.0,125.0,14.984
2026-02-26 07:29:00,15.146,11.5028,0.0,125.0,15.146
2026-02-26 07:30:00,15.307,11.7579,0.0,125.0,15.307
2026-02-26 07:31:00,15.468,12.0157,0.0,125.0,15.468
2026-02-26 07:32:00,15.629,12.2762,0.0,125.0,15.629
2026-02-26 07:33:00,15.79,12.5394,0.0,125.0,15.79
2026-02-26 07:34:00,15.95,12.8052,0.0,125.0,15.95
2026-02-26 07:35:00,16.11,13.0737,0.0,125.0,16.11
2026-02-26 07:36:00,16.269,13.3448,0.0,125.0,16.269
2026-02-26 07:37:00,16.429,13.6187,0.0,125.0,16.429
2026-02-26 07:38:00,16.588,13.8951,0.0,125.0,16.588
2026-02-26 07:39:00,16.746,14.1742,0.0,125.0,16.746
2026-02-26 07:40:00,16.905,14.456,0.0,125.0,16.905
2026-02-26 07:41:00,17.063,14.7403,0.0,125.0,17.063
2026-02-26 07:42:00,17.22,15.0274,0.0,125.0,17.22
2026-02-26 07:43:00,17.378,15.317,0.0,125.0,17.378
2026-02-26 07:44:00,17.535,15.6092,0.0,125.0,17.535
2026-02-26 07:45:00,17.692,15.9041,0.0,125.0,17.692
2026-02-26 07:46:00,17.848,16.2016,0.0,125.0,17.848
2026-02-26 07:47:00,18.004,16.5016,0.0,125.0,18.004
2026-02-26 07:48:00,18.16,16.8043,0.0,125.0,18.16
2026-02-26 07:49:00,18.315,17.1095,0.0,125.0,18.315
2026-02-26 07:50:00,18.47,17.4174,0.0,125.0,18.47
2026-02-26 07:51:00,18.625,17.7278,0.0,125.0,18.625
2026-02-26 07:52:00,18.779,18.0408,0.0,125.0,18.779
2026-02-26 07:53:00,18.933,18.3563,0.0,125.0,18.933
2026-02-26 07:54:00,19.086,18.6744,0.0,125.0,19.086
2026-02-26 07:55:00,19.24,18.9951,0.0,125.0,19.24
2026-02-26 07:56:00,19.392,19.3183,0.0,125.0,19.392
2026-02-26 07:57:00,19.545,19.644,0.0,125.0,19.545
2026-02-26 07:58:00,19.697,19.9723,0.0,125.0,19.697
2026-02-26 07:59:00,19.849,20.3031,0.0,125.0,19.849
2026-02-26 08:00:00,-49.819,20.3031,0.8303,125.0,-49.819
2026-02-26 08:01:00,-49.38,20.3031,1.6533,125.0,-49.38
2026-02-26 08:02:00,-48.939,20.3031,2.469,125.0,-48.939
2026-02-26 08:03:00,-48.495,20.3031,3.2772,125.0,-48.495
2026-02-26 08:04:00,-48.049,20.3031,4.078,125.0,-48.049
2026-02-26 08:05:00,-47.601,20.3031,4.8714,125.0,-47.601
2026-02-26 08:06:00,-47.151,20.3031,5.6572,125.0,-47.151
2026-02-26 08:07:00,-46.698,20.3031,6.4355,125.0,-46.698
2026-02-26 08:08:00,-46.244,20.3031,7.2063,125.0,-46.244
2026-02-26 08:09:00,-45.789,20.3031,7.9694,125.0,-45.789
2026-02-26 08:10:00,-45.331,20.3031,8.7249,125.0,-45.331
2026-02-26 08:11:00,-44.873,20.3031,9.4728,125.0,-44.873
2026-02-26 08:12:00,-44.413,20.3031,10.213,125.0,-44.413
2026-02-26 08:13:00,-43.952,20.3031,10.9456,125.0,-43.952
2026-02-26 08:14:00,-43.491,20.3031,11.6704,125.0,-43.491
2026-02-26 08:15:00,-43.028,20.3031,12.3876,125.0,-43.028
2026-02-26 08:16:00,-42.565,20.3031,13.097,125.0,-42.565
2026-02-26 08:17:00,-42.102,20.3031,13.7987,125.0,-42.102
2026-02-26 08:18:00,-41.639,20.3031,14.4927,125.0,-41.639
2026-02-26 08:19:00,-41.175,20.3031,15.1789,125.0,-41.175
2026-02-26 08:20:00,-40.712,20.3031,15.8575,125.0,-40.712
2026-02-26 08:21:00,-40.249,20.3031,16.5283,125.0,-40.249
2026-02-26 08:22:00,-39.787,20.3031,17.1914,125.0,-39.787
2026-02-26 08:23:00,-39.325,20.3031,17.8468,125.0,-39.325
2026-02-26 08:24:00,-38.864,20.3031,18.4945,125.0,-38.864
2026-02-26 08:25:00,-38.404,20.3031,19.1346,125.0,-38.404
2026-02-26 08:26:00,-37.946,20.3031,19.767,125.0,-37.946
2026-02-26 08:27:00,-37.489,20.3031,20.3918,125.0,-37.489
2026-02-26 08:28:00,-37.034,20.3031,21.0091,125.0,-37.034
2026-02-26 08:29:00,-36.58,20.3031,21.6187,125.0,-36.58
2026-02-26 08:30:00,-36.129,20.3031,22.2209,125.0,-36.129
2026-02-26 08:31:00,-35.68,20.3031,22.8156,125.0,-35.68
2026-02-26 08:32:00,-35.233,20.3031,23.4028,125.0,-35.233
2026-02-26 08:33:00,-34.789,20.3031,23.9826,125.0,-34.789
2026-02-26 08:34:00,-34.348,20.3031,24.5551,125.0,-34.348
2026-02-26 08:35:00,-33.91,20.3031,25.1202,125.0,-33.91
2026-02-26 08:36:00,-33.475,20.3031,25.6782,125.0,-33.475
2026-02-26 08:37:00,-33.044,20.3031,26.2289,125.0,-33.044
2026-02-26 08:38:00,-32.616,20.3031,26.7725,125.0,-32.616
2026-02-26 08:39:00,-32.193,20.3031,27.309,125.0,-32.193
2026-02-26 08:40:00,-31.773,20.3031,27.8386,125.0,-31.773
2026-02-26 08:41:00,-31.357,20.3031,28.3612,125.0,-31.357
2026-02-26 08:42:00,-30.946,20.3031,28.877,125.0,-30.946
2026-02-26 08:43:00,-30.54,20.3031,29.386,125.0,-30.54
2026-02-26 08:44:00,-30.139,20.3031,29.8883,125.0,-30.139
2026-02-26 08:45:00,-29.742,20.3031,30.384,125.0,-29.742
2026-02-26 08:46:00,-29.351,20.3031,30.8732,125.0,-29.351
2026-02-26 08:47:00,-28.965,20.3031,31.3559,125.0,-28.965
2026-02-26 08:48:00,-28.585,20.3031,31.8324,125.0,-28.585
2026-02-26 08:49:00,-28.211,20.3031,32.3025,125.0,-28.211
2026-02-26 08:50:00,-27.842,20.3031,32.7666,125.0,-27.842
2026-02-26 08:51:00,-27.48,20.3031,33.2246,125.0,-27.48
2026-02-26 08:52:00,-27.124,20.3031,33.6766,125.0,-27.124
2026-02-26 08:53:00,-26.775,20.3031,34.1229,125.0,-26.775
2026-02-26 08:54:00,-26.432,20.3031,34.5634,125.0,-26.432
2026-02-26 08:55:00,-26.097,20.3031,34.9984,125.0,-26.097
2026-02-26 08:56:00,-25.768,20.3031,35.4278,125.0,-25.768
2026-02-26 08:57:00,-25.447,20.3031,35.852,125.0,-25.447
2026-02-26 08:58:00,-25.133,20.3031,36.2708,125.0,-25.133
2026-02-26 08:59:00,-24.826,20.3031,36.6846,125.0,-24.826
2026-02-26 09:00:00,-24.528,20.3031,37.0934,125.0,-24.528
2026-02-26 09:01:00,-24.237,20.3031,37.4974,125.0,-24.237
2026-02-26 09:02:00,-23.954,20.3031,37.8966,125.0,-23.954
2026-02-26 09:03:00,-23.679,20.3031,38.2912,125.0,-23.679
2026-02-26 09:04:00,-23.413,20.3031,38.6815,125.0,-23.413
2026-02-26 09:05:00,-23.155,20.3031,39.0674,125.0,-23.155
2026-02-26 09:06:00,-22.905,20.3031,39.4491,125.0,-22.905
2026-02-26 09:07:00,-22.664,20.3031,39.8268,125.0,-22.664
2026-02-26 09:08:00,-22.432,20.3031,40.2007,125.0,-22.432
2026-02-26 09:09:00,-22.209,20.3031,40.5709,125.0,-22.209
2026-02-26 09:10:00,-21.995,20.3031,40.9374,125.0,-21.995
2026-02-26 09:11:00,-21.789,20.3031,41.3006,125.0,-21.789
2026-02-26 09:12:00,-21.593,20.3031,41.6605,125.0,-21.593
2026-02-26 09:13:00,-21.407,20.3031,42.0173,125.0,-21.407
2026-02-26 09:14:00,-21.229,20.3031,42.3711,125.0,-21.229
2026-02-26 09:15:00,-21.061,20.3031,42.7221,125.0,-21.061
2026-02-26 09:16:00,-20.903,20.3031,43.0705,125.0,-20.903
2026-02-26 09:17:00,-20.754,20.3031,43.4164,125.0,-20.754
2026-02-26 09:18:00,-20.615,20.3031,43.76,125.0,-20.615
2026-02-26 09:19:00,-20.485,20.3031,44.1014,125.0,-20.485
2026-02-26 09:20:00,-20.365,20.3031,44.4408,125.0,-20.365
2026-02-26 09:21:00,-20.255,20.3031,44.7784,125.0,-20.255
2026-02-26 09:22:00,-20.155,20.3031,45.1143,125.0,-20.155
2026-02-26 09:23:00,-20.064,20.3031,45.4487,125.0,-20.064
2026-02-26 09:24:00,-19.984,20.3031,45.7818,125.0,-19.984
2026-02-26 09:25:00,-19.913,20.3031,46.1137,125.0,-19.913
2026-02-26 09:26:00,-19.851,20.3031,46.4445,125.0,-19.851
2026-02-26 09:27:00,-19.8,20.3031,46.7745,125.0,-19.8
2026-02-26 09:28:00,-19.759,20.3031,47.1038,125.0,-19.759
2026-02-26 09:29:00,-19.727,20.3031,47.4326,125.0,-19.727
2026-02-26 09:30:00,-19.705,20.3031,47.761,125.0,-19.705
2026-02-26 09:31:00,-19.692,20.3031,48.0892,125.0,-19.692
2026-02-26 09:32:00,-19.69,20.3031,48.4174,125.0,-19.69
2026-02-26 09:33:00,-19.696,20.3031,48.7457,125.0,-19.696
2026-02-26 09:34:00,-19.713,20.3031,49.0742,125.0,-19.713
2026-02-26 09:35:00,-19.739,20.3031,49.4032,125.0,-19.739
2026-02-26 09:36:00,-19.774,20.3031,49.7327,125.0,-19.774
2026-02-26 09:37:00,-19.818,20.3031,50.063,125.0,-19.818
2026-02-26 09:38:00,-19.872,20.3031,50.3942,125.0,-19.872
2026-02-26 09:39:00,-19.934,20.3031,50.7265,125.0,-19.934
2026-02-26 09:40:00,-20.006,20.3031,51.0599,125.0,-20.006
2026-02-26 09:41:00,-20.087,20.3031,51.3947,125.0,-20.087
2026-02-26 09:42:00,-20.176,20.3031,51.7309,125.0,-20.176
2026-02-26 09:43:00,-20.273,20.3031,52.0688,125.0,-20.273
2026-02-26 09:44:00,-20.38,20.3031,52.4085,125.0,-20.38
2026-02-26 09:45:00,-20.494,20.3031,52.7501,125.0,-20.494
2026-02-26 09:46:00,-20.617,20.3031,53.0937,125.0,-20.617
2026-02-26 09:47:00,-20.747,20.3031,53.4395,125.0,-20.747
2026-02-26 09:48:00,-20.885,20.3031,53.7876,125.0,-20.885
2026-02-26 09:49:00,-21.031,20.3031,54.1381,125.0,-21.031
2026-02-26 09:50:00,-21.184,20.3031,54.4911,125.0,-21.184
2026-02-26 09:51:00,-21.345,20.3031,54.8469,125.0,-21.345
2026-02-26 09:52:00,-21.512,20.3031,55.2054,125.0,-21.512
2026-02-26 09:53:00,-21.686,20.3031,55.5669,125.0,-21.686
2026-02-26 09:54:00,-21.867,20.3031,55.9313,125.0,-21.867
2026-02-26 09:55:00,-22.054,20.3031,56.2989,125.0,-22.054
2026-02-26 09:56:00,-22.246,20.3031,56.6696,125.0,-22.246
2026-02-26 09:57:00,-22.445,20.3031,57.0437,125.0,-22.445
2026-02-26 09:58:00,-22.649,20.3031,57.4212,125.0,-22.649
2026-02-26 09:59:00,-22.859,20.3031,57.8022,125.0,-22.859
2026-02-26 10:00:00,-23.073,20.3031,58.1868,125.0,-23.073
2026-02-26 10:01:00,-23.292,20.3031,58.575,125.0,-23.292
2026-02-26 10:02:00,-23.516,20.3031,58.9669,125.0,-23.516
2026-02-26 10:03:00,-23.744,20.3031,59.3626,125.0,-23.744
2026-02-26 10:04:00,-23.975,20.3031,59.7622,125.0,-23.975
2026-02-26 10:05:00,-24.21,20.3031,60.1657,125.0,-24.21
2026-02-26 10:06:00,-24.448,20.3031,60.5732,125.0,-24.448
2026-02-26 10:07:00,-24.689,20.3031,60.9847,125.0,-24.689
2026-02-26 10:08:00,-24.933,20.3031,61.4002,125.0,-24.933
2026-02-26 10:09:00,-25.179,20.3031,61.8199,125.0,-25.179
2026-02-26 10:10:00,-25.427,20.3031,62.2436,125.0,-25.427
2026-02-26 10:11:00,-25.676,20.3031,62.6716,125.0,-25.676
2026-02-26 10:12:00,-25.926,20.3031,63.1037,125.0,-25.926
2026-02-26 10:13:00,-26.178,20.3031,63.54,125.0,-26.178
2026-02-26 10:14:00,-26.429,20.3031,63.9805,125.0,-26.429
2026-02-26 10:15:00,-26.681,20.3031,64.4252,125.0,-26.681
2026-02-26 10:16:00,-26.932,20.3031,64.874,125.0,-26.932
2026-02-26 10:17:00,-27.183,20.3031,65.3271,125.0,-27.183
2026-02-26 10:18:00,-27.433,20.3031,65.7843,125.0,-27.433
2026-02-26 10:19:00,-27.681,20.3031,66.2457,125.0,-27.681
2026-02-26 10:20:00,-27.928,20.3031,66.7111,125.0,-27.928
2026-02-26 10:21:00,-28.172,20.3031,67.1807,125.0,-28.172
2026-02-26 10:22:00,-28.414,20.3031,67.6542,125.0,-28.414
2026-02-26 10:23:00,-28.652,20.3031,68.1318,125.0,-28.652
2026-02-26 10:24:00,-28.887,20.3031,68.6132,125.0,-28.887
2026-02-26 10:25:00,-29.119,20.3031,69.0985,125.0,-29.119
2026-02-26 10:26:00,-29.346,20.3031,69.5876,125.0,-29.346
2026-02-26 10:27:00,-29.568,20.3031,70.0804,125.0,-29.568
2026-02-26 10:28:00,-29.785,20.3031,70.5768,125.0,-29.785
2026-02-26 10:29:00,-29.997,20.3031,71.0768,125.0,-29.997
2026-02-26 10:30:00,-30.203,20.3031,71.5802,125.0,-30.203
2026-02-26 10:31:00,-30.402,20.3031,72.0869,125.0,-30.402
2026-02-26 10:32:00,-30.595,20.3031,72.5968,125.0,-30.595
2026-02-26 10:33:00,-30.78,20.3031,73.1098,125.0,-30.78
2026-02-26 10:34:00,-30.958,20.3031,73.6258,125.0,-30.958
2026-02-26 10:35:00,-31.128,20.3031,74.1446,125.0,-31.128
2026-02-26 10:36:00,-31.289,20.3031,74.6661,125.0,-31.289
2026-02-26 10:37:00,-31.442,20.3031,75.1901,125.0,-31.442
2026-02-26 10:38:00,-31.585,20.3031,75.7165,125.0,-31.585
2026-02-26 10:39:00,-31.718,20.3031,76.2451,125.0,-31.718
2026-02-26 10:40:00,37.588,20.9296,76.2451,125.0,37.588
2026-02-26 10:41:00,37.647,21.557,76.2451,125.0,37.647
2026-02-26 10:42:00,37.706,22.1855,76.2451,125.0,37.706
2026-02-26 10:43:00,37.764,22.8148,76.2451,125.0,37.764
2026-02-26 10:44:00,37.821,23.4452,76.2451,125.0,37.821
2026-02-26 10:45:00,37.877,24.0765,76.2451,125.0,37.877
2026-02-26 10:46:00,37.933,24.7087,76.2451,125.0,37.933
2026-02-26 10:47:00,37.988,25.3418,76.2451,125.0,37.988
2026-02-26 10:48:00,38.042,25.9759,76.2451,125.0,38.042
2026-02-26 10:49:00,38.096,26.6108,76.2451,125.0,38.096
2026-02-26 10:50:00,38.149,27.2466,76.2451,125.0,38.149
2026-02-26 10:51:00,38.201,27.8833,76.2451,125.0,38.201
2026-02-26 10:52:00,38.252,28.5208,76.2451,125.0,38.252
2026-02-26 10:53:00,38.303,29.1592,76.2451,125.0,38.303
2026-02-26 10:54:00,38.353,29.7984,76.2451,125.0,38.353
2026-02-26 10:55:00,38.402,30.4384,76.2451,125.0,38.402
2026-02-26 10:56:00,38.45,31.0793,76.2451,125.0,38.45
2026-02-26 10:57:00,38.498,31.7209,76.2451,125.0,38.498
2026-02-26 10:58:00,38.545,32.3633,76.2451,125.0,38.545
2026-02-26 10:59:00,38.591,33.0065,76.2451,125.0,38.591
2026-02-26 11:00:00,38.637,33.6505,76.2451,125.0,38.637
2026-02-26 11:01:00,38.682,34.2952,76.2451,125.0,38.682
2026-02-26 11:02:00,38.726,34.9406,76.2451,125.0,38.726
2026-02-26 11:03:00,38.769,35.5868,76.2451,125.0,38.769
2026-02-26 11:04:00,38.812,36.2336,76.2451,125.0,38.812
2026-02-26 11:05:00,38.854,36.8812,76.2451,125.0,38.854
2026-02-26 11:06:00,38.895,37.5294,76.2451,125.0,38.895
2026-02-26 11:07:00,38.935,38.1784,76.2451,125.0,38.935
2026-02-26 11:08:00,38.975,38.8279,76.2451,125.0,38.975
2026-02-26 11:09:00,39.014,39.4782,76.2451,125.0,39.014
2026-02-26 11:10:00,39.052,40.129,76.2451,125.0,39.052
2026-02-26 11:11:00,39.089,40.7805,76.2451,125.0,39.089
2026-02-26 11:12:00,39.126,41.4326,76.2451,125.0,39.126
2026-02-26 11:13:00,39.162,42.0853,76.2451,125.0,39.162
2026-02-26 11:14:00,39.197,42.7386,76.2451,125.0,39.197
2026-02-26 11:15:00,39.231,43.3925,76.2451,125.0,39.231
2026-02-26 11:16:00,39.265,44.0469,76.2451,125.0,39.265
2026-02-26 11:17:00,39.298,44.7018,76.2451,125.0,39.298
2026-02-26 11:18:00,39.33,45.3573,76.2451,125.0,39.33
2026-02-26 11:19:00,39.362,46.0134,76.2451,125.0,39.362
2026-02-26 11:20:00,39.392,46.6699,76.2451,125.0,39.392
2026-02-26 11:21:00,39.422,47.3269,76.2451,125.0,39.422
2026-02-26 11:22:00,39.451,47.9845,76.2451,125.0,39.451
2026-02-26 11:23:00,39.48,48.6425,76.2451,125.0,39.48
2026-02-26 11:24:00,39.508,49.3009,76.2451,125.0,39.508
2026-02-26 11:25:00,39.534,49.9598,76.2451,125.0,39.534
2026-02-26 11:26:00,39.561,50.6192,76.2451,125.0,39.561
2026-02-26 11:27:00,39.586,51.2789,76.2451,125.0,39.586
2026-02-26 11:28:00,39.611,51.9391,76.2451,125.0,39.611
2026-02-26 11:29:00,39.635,52.5997,76.2451,125.0,39.635
2026-02-26 11:30:00,39.658,53.2607,76.2451,125.0,39.658
2026-02-26 11:31:00,39.68,53.922,76.2451,125.0,39.68
2026-02-26 11:32:00,39.702,54.5837,76.2451,125.0,39.702
2026-02-26 11:33:00,39.723,55.2457,76.2451,125.0,39.723
2026-02-26 11:34:00,39.743,55.9081,76.2451,125.0,39.743
2026-02-26 11:35:00,39.762,56.5708,76.2451,125.0,39.762
2026-02-26 11:36:00,39.781,57.2338,76.2451,125.0,39.781
2026-02-26 11:37:00,39.799,57.8972,76.2451,125.0,39.799
2026-02-26 11:38:00,39.816,58.5608,76.2451,125.0,39.816
2026-02-26 11:39:00,39.832,59.2246,76.2451,125.0,39.832
2026-02-26 11:40:00,39.848,59.8888,76.2451,125.0,39.848
2026-02-26 11:41:00,39.863,60.5531,76.2451,125.0,39.863
2026-02-26 11:42:00,39.877,61.2177,76.2451,125.0,39.877
2026-02-26 11:43:00,39.89,61.8826,76.2451,125.0,39.89
2026-02-26 11:44:00,39.903,62.5476,76.2451,125.0,39.903
2026-02-26 11:45:00,39.914,63.2129,76.2451,125.0,39.914
2026-02-26 11:46:00,39.925,63.8783,76.2451,125.0,39.925
2026-02-26 11:47:00,39.936,64.5439,76.2451,125.0,39.936
2026-02-26 11:48:00,39.945,65.2096,76.2451,125.0,39.945
2026-02-26 11:49:00,39.954,65.8755,76.2451,125.0,39.954
2026-02-26 11:50:00,39.962,66.5416,76.2451,125.0,39.962
2026-02-26 11:51:00,39.969,67.2077,76.2451,125.0,39.969
2026-02-26 11:52:00,39.976,67.874,76.2451,125.0,39.976
2026-02-26 11:53:00,39.981,68.5403,76.2451,125.0,39.981
2026-02-26 11:54:00,39.986,69.2068,76.2451,125.0,39.986
2026-02-26 11:55:00,39.99,69.8733,76.2451,125.0,39.99
2026-02-26 11:56:00,39.994,70.5398,76.2451,125.0,39.994
2026-02-26 11:57:00,39.997,71.2065,76.2451,125.0,39.997
2026-02-26 11:58:00,39.998,71.8731,76.2451,125.0,39.998
2026-02-26 11:59:00,40.0,72.5398,76.2451,125.0,40.0
2026-02-26 12:00:00,125.0,74.6231,76.2451,125.0,125.0
2026-02-26 12:01:00,125.0,76.7064,76.2451,125.0,125.0
2026-02-26 12:02:00,125.0,78.7898,76.2451,125.0,125.0
2026-02-26 12:03:00,125.0,80.8731,76.2451,125.0,125.0
2026-02-26 12:04:00,125.0,82.9564,76.2451,125.0,125.0
2026-02-26 12:05:00,125.0,85.0398,76.2451,125.0,125.0
2026-02-26 12:06:00,125.0,87.1231,76.2451,125.0,125.0
2026-02-26 12:07:00,125.0,89.2064,76.2451,125.0,125.0
2026-02-26 12:08:00,125.0,91.2898,76.2451,125.0,125.0
2026-02-26 12:09:00,125.0,93.3731,76.2451,125.0,125.0
2026-02-26 12:10:00,125.0,95.4564,76.2451,125.0,125.0
2026-02-26 12:11:00,125.0,97.5398,76.2451,125.0,125.0
2026-02-26 12:12:00,125.0,99.6231,76.2451,125.0,125.0
2026-02-26 12:13:00,125.0,101.7064,76.2451,125.0,125.0
2026-02-26 12:14:00,125.0,103.7898,76.2451,125.0,125.0
2026-02-26 12:15:00,125.0,105.8731,76.2451,125.0,125.0
2026-02-26 12:16:00,125.0,107.9564,76.2451,125.0,125.0
2026-02-26 12:17:00,125.0,110.0398,76.2451,125.0,125.0
2026-02-26 12:18:00,125.0,112.1231,76.2451,125.0,125.0
2026-02-26 12:19:00,125.0,114.2064,76.2451,125.0,125.0
2026-02-26 12:20:00,125.0,116.2898,76.2451,125.0,125.0
2026-02-26 12:21:00,125.0,118.3731,76.2451,125.0,125.0
2026-02-26 12:22:00,125.0,120.4564,76.2451,125.0,125.0
2026-02-26 12:23:00,125.0,122.5398,76.2451,125.0,125.0
2026-02-26 12:24:00,125.0,124.6231,76.2451,125.0,125.0
2026-02-26 12:25:00,125.0,126.7064,76.2451,125.0,125.0
2026-02-26 12:26:00,125.0,128.7898,76.2451,125.0,125.0
2026-02-26 12:27:00,125.0,130.8731,76.2451,125.0,125.0
2026-02-26 12:28:00,125.0,132.9564,76.2451,125.0,125.0
2026-02-26 12:29:00,125.0,135.0398,76.2451,125.0,125.0
2026-02-26 12:30:00,125.0,137.1231,76.2451,125.0,125.0
2026-02-26 12:31:00,125.0,139.2064,76.2451,125.0,125.0
2026-02-26 12:32:00,125.0,141.2898,76.2451,125.0,125.0
2026-02-26 12:33:00,125.0,143.3731,76.2451,125.0,125.0
2026-02-26 12:34:00,125.0,145.4564,76.2451,125.0,125.0
2026-02-26 12:35:00,125.0,147.5398,76.2451,125.0,125.0
2026-02-26 12:36:00,125.0,149.6231,76.2451,125.0,125.0
2026-02-26 12:37:00,125.0,151.7064,76.2451,125.0,125.0
2026-02-26 12:38:00,125.0,153.7898,76.2451,125.0,125.0
2026-02-26 12:39:00,125.0,155.8731,76.2451,125.0,125.0
2026-02-26 12:40:00,125.0,157.9564,76.2451,125.0,125.0
2026-02-26 12:41:00,125.0,160.0398,76.2451,125.0,125.0
2026-02-26 12:42:00,125.0,162.1231,76.2451,125.0,125.0
2026-02-26 12:43:00,125.0,164.2064,76.2451,125.0,125.0
2026-02-26 12:44:00,125.0,166.2898,76.2451,125.0,125.0
2026-02-26 12:45:00,125.0,168.3731,76.2451,125.0,125.0
2026-02-26 12:46:00,125.0,170.4564,76.2451,125.0,125.0
2026-02-26 12:47:00,125.0,172.5398,76.2451,125.0,125.0
2026-02-26 12:48:00,125.0,174.6231,76.2451,125.0,125.0
2026-02-26 12:49:00,125.0,176.7064,76.2451,125.0,125.0
2026-02-26 12:50:00,125.0,178.7898,76.2451,125.0,125.0
2026-02-26 12:51:00,125.0,180.8731,76.2451,125.0,125.0
2026-02-26 12:52:00,125.0,182.9564,76.2451,125.0,125.0
2026-02-26 12:53:00,125.0,185.0398,76.2451,125.0,125.0
2026-02-26 12:54:00,125.0,187.1231,76.2451,125.0,125.0
2026-02-26 12:55:00,125.0,189.2064,76.2451,125.0,125.0
2026-02-26 12:56:00,125.0,191.2898,76.2451,125.0,125.0
2026-02-26 12:57:00,125.0,193.3731,76.2451,125.0,125.0
2026-02-26 12:58:00,125.0,195.4564,76.2451,125.0,125.0
2026-02-26 12:59:00,125.0,197.5398,76.2451,125.0,125.0
2026-02-26 13:00:00,125.0,199.6231,76.2451,125.0,125.0
2026-02-26 13:01:00,125.0,201.7064,76.2451,125.0,125.0
2026-02-26 13:02:00,125.0,203.7898,76.2451,125.0,125.0
2026-02-26 13:03:00,125.0,205.8731,76.2451,125.0,125.0
2026-02-26 13:04:00,125.0,207.9564,76.2451,125.0,125.0
2026-02-26 13:05:00,125.0,210.0398,76.2451,125.0,125.0
2026-02-26 13:06:00,125.0,212.1231,76.2451,125.0,125.0
2026-02-26 13:07:00,125.0,214.2064,76.2451,125.0,125.0
2026-02-26 13:08:00,125.0,216.2898,76.2451,125.0,125.0
2026-02-26 13:09:00,125.0,218.3731,76.2451,125.0,125.0
2026-02-26 13:10:00,125.0,220.4564,76.2451,125.0,125.0
2026-02-26 13:11:00,125.0,222.5398,76.2451,125.0,125.0
2026-02-26 13:12:00,125.0,224.6231,76.2451,125.0,125.0
2026-02-26 13:13:00,125.0,226.7064,76.2451,125.0,125.0
2026-02-26 13:14:00,125.0,228.7898,76.2451,125.0,125.0
2026-02-26 13:15:00,125.0,230.8731,76.2451,125.0,125.0
2026-02-26 13:16:00,125.0,232.9564,76.2451,125.0,125.0
2026-02-26 13:17:00,125.0,235.0398,76.2451,125.0,125.0
2026-02-26 13:18:00,125.0,237.1231,76.2451,125.0,125.0
2026-02-26 13:19:00,125.0,239.2064,76.2451,125.0,125.0
2026-02-26 13:20:00,125.0,241.2898,76.2451,125.0,125.0
2026-02-26 13:21:00,125.0,243.3731,76.2451,125.0,125.0
2026-02-26 13:22:00,125.0,245.4564,76.2451,125.0,125.0
2026-02-26 13:23:00,125.0,247.5398,76.2451,125.0,125.0
2026-02-26 13:24:00,125.0,249.6231,76.2451,125.0,125.0
2026-02-26 13:25:00,125.0,251.7064,76.2451,125.0,125.0
2026-02-26 13:26:00,125.0,253.7898,76.2451,125.0,125.0
2026-02-26 13:27:00,125.0,255.8731,76.2451,125.0,125.0
2026-02-26 13:28:00,125.0,257.9564,76.2451,125.0,125.0
2026-02-26 13:29:00,125.0,260.0398,76.2451,125.0,125.0
2026-02-26 13:30:00,125.0,262.1231,76.2451,125.0,125.0
2026-02-26 13:31:00,125.0,264.2064,76.2451,125.0,125.0
2026-02-26 13:32:00,125.0,266.2898,76.2451,125.0,125.0
2026-02-26 13:33:00,125.0,268.3731,76.2451,125.0,125.0
2026-02-26 13:34:00,125.0,270.4564,76.2451,125.0,125.0
2026-02-26 13:35:00,125.0,272.5398,76.2451,125.0,125.0
2026-02-26 13:36:00,125.0,274.6231,76.2451,125.0,125.0
2026-02-26 13:37:00,125.0,276.7064,76.2451,125.0,125.0
2026-02-26 13:38:00,125.0,278.7898,76.2451,125.0,125.0
2026-02-26 13:39:00,125.0,280.8731,76.2451,125.0,125.0
2026-02-26 13:40:00,125.0,282.9564,76.2451,125.0,125.0
2026-02-26 13:41:00,125.0,285.0398,76.2451,125.0,125.0
2026-02-26 13:42:00,125.0,287.1231,76.2451,125.0,125.0
2026-02-26 13:43:00,125.0,289.2064,76.2451,125.0,125.0
2026-02-26 13:44:00,125.0,291.2898,76.2451,125.0,125.0
2026-02-26 13:45:00,125.0,293.3731,76.2451,125.0,125.0
2026-02-26 13:46:00,125.0,295.4564,76.2451,125.0,125.0
2026-02-26 13:47:00,125.0,297.5398,76.2451,125.0,125.0
2026-02-26 13:48:00,125.0,299.6231,76.2451,125.0,125.0
2026-02-26 13:49:00,125.0,301.7064,76.2451,125.0,125.0
2026-02-26 13:50:00,125.0,303.7898,76.2451,125.0,125.0
2026-02-26 13:51:00,125.0,305.8731,76.2451,125.0,125.0
2026-02-26 13:52:00,125.0,307.9564,76.2451,125.0,125.0
2026-02-26 13:53:00,125.0,310.0398,76.2451,125.0,125.0
2026-02-26 13:54:00,125.0,312.1231,76.2451,125.0,125.0
2026-02-26 13:55:00,125.0,314.2064,76.2451,125.0,125.0
2026-02-26 13:56:00,125.0,316.2898,76.2451,125.0,125.0
2026-02-26 13:57:00,125.0,318.3731,76.2451,125.0,125.0
2026-02-26 13:58:00,125.0,320.4564,76.2451,125.0,125.0
2026-02-26 13:59:00,125.0,322.5398,76.2451,125.0,125.0
2026-02-26 14:00:00,34.641,323.1171,76.2451,125.0,34.641
2026-02-26 14:01:00,34.553,323.693,76.2451,125.0,34.553
2026-02-26 14:02:00,34.465,324.2674,76.2451,125.0,34.465
2026-02-26 14:03:00,34.376,324.8404,76.2451,125.0,34.376
2026-02-26 14:04:00,34.287,325.4118,76.2451,125.0,34.287
2026-02-26 14:05:00,34.196,325.9817,76.2451,125.0,34.196
2026-02-26 14:06:00,34.106,326.5502,76.2451,125.0,34.106
2026-02-26 14:07:00,34.014,327.1171,76.2451,125.0,34.014
2026-02-26 14:08:00,33.922,327.6824,76.2451,125.0,33.922
2026-02-26 14:09:00,33.829,328.2463,76.2451,125.0,33.829
2026-02-26 14:10:00,33.736,328.8085,76.2451,125.0,33.736
2026-02-26 14:11:00,33.642,329.3692,76.2451,125.0,33.642
2026-02-26 14:12:00,33.547,329.9283,76.2451,125.0,33.547
2026-02-26 14:13:00,33.451,330.4858,76.2451,125.0,33.451
2026-02-26 14:14:00,33.355,331.0418,76.2451,125.0,33.355
2026-02-26 14:15:00,33.259,331.5961,76.2451,125.0,33.259
2026-02-26 14:16:00,33.162,332.1488,76.2451,125.0,33.162
2026-02-26 14:17:00,33.064,332.6998,76.2451,125.0,33.064
2026-02-26 14:18:00,32.965,333.2492,76.2451,125.0,32.965
2026-02-26 14:19:00,32.866,333.797,76.2451,125.0,32.866
2026-02-26 14:20:00,32.766,334.3431,76.2451,125.0,32.766
2026-02-26 14:21:00,32.666,334.8875,76.2451,125.0,32.666
2026-02-26 14:22:00,32.565,335.4303,76.2451,125.0,32.565
2026-02-26 14:23:00,32.463,335.9713,76.2451,125.0,32.463
2026-02-26 14:24:00,32.361,336.5107,76.2451,125.0,32.361
2026-02-26 14:25:00,32.258,337.0483,76.2451,125.0,32.258
2026-02-26 14:26:00,32.154,337.5842,76.2451,125.0,32.154
2026-02-26 14:27:00,32.05,338.1184,76.2451,125.0,32.05
2026-02-26 14:28:00,31.945,338.6508,76.2451,125.0,31.945
2026-02-26 14:29:00,31.84,339.1815,76.2451,125.0,31.84
2026-02-26 14:30:00,31.734,339.7104,76.2451,125.0,31.734
2026-02-26 14:31:00,31.628,340.2375,76.2451,125.0,31.628
2026-02-26 14:32:00,31.52,340.7628,76.2451,125.0,31.52
2026-02-26 14:33:00,31.413,341.2864,76.2451,125.0,31.413
2026-02-26 14:34:00,31.304,341.8081,76.2451,125.0,31.304
2026-02-26 14:35:00,31.195,342.328,76.2451,125.0,31.195
2026-02-26 14:36:00,31.086,342.8461,76.2451,125.0,31.086
2026-02-26 14:37:00,30.976,343.3624,76.2451,125.0,30.976
2026-02-26 14:38:00,30.865,343.8768,76.2451,125.0,30.865
2026-02-26 14:39:00,30.754,344.3894,76.2451,125.0,30.754
2026-02-26 14:40:00,30.642,344.9001,76.2451,125.0,30.642
2026-02-26 14:41:00,30.529,345.4089,76.2451,125.0,30.529
2026-02-26 14:42:00,30.416,345.9158,76.2451,125.0,30.416
2026-02-26 14:43:00,30.303,346.4209,76.2451,125.0,30.303
2026-02-26 14:44:00,30.188,346.924,76.2451,125.0,30.188
2026-02-26 14:45:00,30.074,347.4253,76.2451,125.0,30.074
2026-02-26 14:46:00,29.958,347.9246,76.2451,125.0,29.958
2026-02-26 14:47:00,29.842,348.4219,76.2451,125.0,29.842
2026-02-26 14:48:00,29.726,348.9174,76.2451,125.0,29.726
2026-02-26 14:49:00,29.609,349.4108,76.2451,125.0,29.609
2026-02-26 14:50:00,29.491,349.9024,76.2451,125.0,29.491
2026-02-26 14:51:00,29.373,350.3919,76.2451,125.0,29.373
2026-02-26 14:52:00,29.254,350.8795,76.2451,125.0,29.254
2026-02-26 14:53:00,29.135,351.3651,76.2451,125.0,29.135
2026-02-26 14:54:00,29.015,351.8486,76.2451,125.0,29.015
2026-02-26 14:55:00,28.895,352.3302,76.2451,125.0,28.895
2026-02-26 14:56:00,28.774,352.8098,76.2451,125.0,28.774
2026-02-26 14:57:00,28.652,353.2873,76.2451,125.0,28.652
2026-02-26 14:58:00,28.53,353.7628,76.2451,125.0,28.53
2026-02-26 14:59:00,28.407,354.2363,76.2451,125.0,28.407
2026-02-26 15:00:00,28.284,354.7077,76.2451,125.0,28.284
2026-02-26 15:01:00,28.161,355.177,76.2451,125.0,28.161
2026-02-26 15:02:00,28.036,355.6443,76.2451,125.0,28.036
2026-02-26 15:03:00,27.912,356.1095,76.2451,125.0,27.912
2026-02-26 15:04:00,27.786,356.5726,76.2451,125.0,27.786
2026-02-26 15:05:00,27.661,357.0336,76.2451,125.0,27.661
2026-02-26 15:06:00,27.534,357.4925,76.2451,125.0,27.534
2026-02-26 15:07:00,27.407,357.9493,76.2451,125.0,27.407
2026-02-26 15:08:00,27.28,358.4039,76.2451,125.0,27.28
2026-02-26 15:09:00,27.152,358.8565,76.2451,125.0,27.152
2026-02-26 15:10:00,27.024,359.3069,76.2451,125.0,27.024
2026-02-26 15:11:00,26.895,359.7551,76.2451,125.0,26.895
2026-02-26 15:12:00,26.765,360.2012,76.2451,125.0,26.765
2026-02-26 15:13:00,26.635,360.6451,76.2451,125.0,26.635
2026-02-26 15:14:00,26.505,361.0869,76.2451,125.0,26.505
2026-02-26 15:15:00,26.374,361.5264,76.2451,125.0,26.374
2026-02-26 15:16:00,26.242,361.9638,76.2451,125.0,26.242
2026-02-26 15:17:00,26.11,362.399,76.2451,125.0,26.11
2026-02-26 15:18:00,25.978,362.832,76.2451,125.0,25.978
2026-02-26 15:19:00,25.845,363.2627,76.2451,125.0,25.845
2026-02-26 15:20:00,25.712,363.6912,76.2451,125.0,25.712
2026-02-26 15:21:00,25.578,364.1175,76.2451,125.0,25.578
2026-02-26 15:22:00,25.443,364.5416,76.2451,125.0,25.443
2026-02-26 15:23:00,25.308,364.9634,76.2451,125.0,25.308
2026-02-26 15:24:00,25.173,365.3829,76.2451,125.0,25.173
2026-02-26 15:25:00,25.037,365.8002,76.2451,125.0,25.037
2026-02-26 15:26:00,24.901,366.2152,76.2451,125.0,24.901
2026-02-26 15:27:00,24.764,366.6279,76.2451,125.0,24.764
2026-02-26 15:28:00,24.626,367.0384,76.2451,125.0,24.626
2026-02-26 15:29:00,24.489,367.4465,76.2451,125.0,24.489
2026-02-26 15:30:00,24.35,367.8524,76.2451,125.0,24.35
2026-02-26 15:31:00,24.212,368.2559,76.2451,125.0,24.212
2026-02-26 15:32:00,24.073,368.6571,76.2451,125.0,24.073
2026-02-26 15:33:00,23.933,369.056,76.2451,125.0,23.933
2026-02-26 15:34:00,23.793,369.4525,76.2451,125.0,23.793
2026-02-26 15:35:00,23.652,369.8467,76.2451,125.0,23.652
2026-02-26 15:36:00,23.511,370.2386,76.2451,125.0,23.511
2026-02-26 15:37:00,23.37,370.6281,76.2451,125.0,23.37
2026-02-26 15:38:00,23.228,371.0152,76.2451,125.0,23.228
2026-02-26 15:39:00,23.086,371.4,76.2451,125.0,23.086
2026-02-26 15:40:00,22.943,371.7824,76.2451,125.0,22.943
2026-02-26 15:41:00,22.8,372.1624,76.2451,125.0,22.8
2026-02-26 15:42:00,22.656,372.54,76.2451,125.0,22.656
2026-02-26 15:43:00,22.512,372.9152,76.2451,125.0,22.512
2026-02-26 15:44:00,22.368,373.288,76.2451,125.0,22.368
2026-02-26 15:45:00,22.223,373.6584,76.2451,125.0,22.223
2026-02-26 15:46:00,22.077,374.0263,76.2451,125.0,22.077
2026-02-26 15:47:00,21.932,374.3919,76.2451,125.0,21.932
2026-02-26 15:48:00,21.786,374.7549,76.2451,125.0,21.786
2026-02-26 15:49:00,21.639,375.1156,76.2451,125.0,21.639
2026-02-26 15:50:00,21.492,375.4738,76.2451,125.0,21.492
2026-02-26 15:51:00,21.345,375.8295,76.2451,125.0,21.345
2026-02-26 15:52:00,21.197,376.1828,76.2451,125.0,21.197
2026-02-26 15:53:00,21.049,376.5336,76.2451,125.0,21.049
2026-02-26 15:54:00,20.9,376.882,76.2451,125.0,20.9
2026-02-26 15:55:00,20.751,377.2278,76.2451,125.0,20.751
2026-02-26 15:56:00,20.602,377.5712,76.2451,125.0,20.602
2026-02-26 15:57:00,20.452,377.912,76.2451,125.0,20.452
2026-02-26 15:58:00,20.302,378.2504,76.2451,125.0,20.302
2026-02-26 15:59:00,20.151,378.5862,76.2451,125.0,20.151
2026-02-26 16:00:00,20.0,378.9196,76.2451,125.0,20.0
2026-02-26 16:01:00,19.849,379.2504,76.2451,125.0,19.849
2026-02-26 16:02:00,19.697,379.5787,76.2451,125.0,19.697
2026-02-26 16:03:00,19.545,379.9044,76.2451,125.0,19.545
2026-02-26 16:04:00,19.392,380.2276,76.2451,125.0,19.392
2026-02-26 16:05:00,19.24,380.5483,76.2451,125.0,19.24
2026-02-26 16:06:00,19.086,380.8664,76.2451,125.0,19.086
2026-02-26 16:07:00,18.933,381.1819,76.2451,125.0,18.933
2026-02-26 16:08:00,18.779,381.4949,76.2451,125.0,18.779
2026-02-26 16:09:00,18.625,381.8053,76.2451,125.0,18.625
2026-02-26 16:10:00,18.47,382.1132,76.2451,125.0,18.47
2026-02-26 16:11:00,18.315,382.4184,76.2451,125.0,18.315
2026-02-26 16:12:00,18.16,382.7211,76.2451,125.0,18.16
2026-02-26 16:13:00,18.004,383.0211,76.2451,125.0,18.004
2026-02-26 16:14:00,17.848,383.3186,76.2451,125.0,17.848
2026-02-26 16:15:00,17.692,383.6135,76.2451,125.0,17.692
2026-02-26 16:16:00,17.535,383.9057,76.2451,125.0,17.535
2026-02-26 16:17:00,17.378,384.1953,76.2451,125.0,17.378
2026-02-26 16:18:00,17.22,384.4823,76.2451,125.0,17.22
2026-02-26 16:19:00,17.063,384.7667,76.2451,125.0,17.063
2026-02-26 16:20:00,16.905,385.0485,76.2451,125.0,16.905
2026-02-26 16:21:00,16.746,385.3276,76.2451,125.0,16.746
2026-02-26 16:22:00,16.588,385.604,76.2451,125.0,16.588
2026-02-26 16:23:00,16.429,385.8778,76.2451,125.0,16.429
2026-02-26 16:24:00,16.269,386.149,76.2451,125.0,16.269
2026-02-26 16:25:00,16.11,386.4175,76.2451,125.0,16.11
2026-02-26 16:26:00,15.95,386.6833,76.2451,125.0,15.95
2026-02-26 16:27:00,15.79,386.9465,76.2451,125.0,15.79
2026-02-26 16:28:00,15.629,387.207,76.2451,125.0,15.629
2026-02-26 16:29:00,15.468,387.4648,76.2451,125.0,15.468
2026-02-26 16:30:00,15.307,387.7199,76.2451,125.0,15.307
2026-02-26 16:31:00,15.146,387.9723,76.2451,125.0,15.146
2026-02-26 16:32:00,14.984,388.2221,76.2451,125.0,14.984
2026-02-26 16:33:00,14.822,388.4691,76.2451,125.0,14.822
2026-02-26 16:34:00,14.66,388.7135,76.2451,125.0,14.66
2026-02-26 16:35:00,14.498,388.9551,76.2451,125.0,14.498
2026-02-26 16:36:00,14.335,389.194,76.2451,125.0,14.335
2026-02-26 16:37:00,14.172,389.4302,76.2451,125.0,14.172
2026-02-26 16:38:00,14.008,389.6637,76.2451,125.0,14.008
2026-02-26 16:39:00,13.845,389.8944,76.2451,125.0,13.845
2026-02-26 16:40:00,13.681,390.1224,76.2451,125.0,13.681
2026-02-26 16:41:00,13.517,390.3477,76.2451,125.0,13.517
2026-02-26 16:42:00,13.352,390.5702,76.2451,125.0,13.352
2026-02-26 16:43:00,13.188,390.79,76.2451,125.0,13.188
2026-02-26 16:44:00,13.023,391.0071,76.2451,125.0,13.023
2026-02-26 16:45:00,12.858,391.2214,76.2451,125.0,12.858
2026-02-26 16:46:00,12.692,391.4329,76.2451,125.0,12.692
2026-02-26 16:47:00,12.527,391.6417,76.2451,125.0,12.527
2026-02-26 16:48:00,12.361,391.8477,76.2451,125.0,12.361
2026-02-26 16:49:00,12.195,392.0509,76.2451,125.0,12.195
2026-02-26 16:50:00,12.028,392.2514,76.2451,125.0,12.028
2026-02-26 16:51:00,11.862,392.4491,76.2451,125.0,11.862
2026-02-26 16:52:00,11.695,392.644,76.2451,125.0,11.695
2026-02-26 16:53:00,11.528,392.8361,76.2451,125.0,11.528
2026-02-26 16:54:00,11.361,393.0255,76.2451,125.0,11.361
2026-02-26 16:55:00,11.193,393.212,76.2451,125.0,11.193
2026-02-26 16:56:00,11.025,393.3958,76.2451,125.0,11.025
2026-02-26 16:57:00,10.858,393.5768,76.2451,125.0,10.858
2026-02-26 16:58:00,10.69,393.7549,76.2451,125.0,10.69
2026-02-26 16:59:00,10.521,393.9303,76.2451,125.0,10.521
2026-02-26 17:00:00,-57.253,393.9303,77.1993,125.0,-57.253
2026-02-26 17:01:00,-56.967,393.9303,78.1488,125.0,-56.967
2026-02-26 17:02:00,-56.677,393.9303,79.0934,125.0,-56.677
2026-02-26 17:03:00,-56.385,393.9303,80.0332,125.0,-56.385
2026-02-26 17:04:00,-56.09,393.9303,80.968,125.0,-56.09
2026-02-26 17:05:00,-55.792,393.9303,81.8978,125.0,-55.792
2026-02-26 17:06:00,-55.491,393.9303,82.8227,125.0,-55.491
2026-02-26 17:07:00,-55.187,393.9303,83.7425,125.0,-55.187
2026-02-26 17:08:00,-54.881,393.9303,84.6572,125.0,-54.881
2026-02-26 17:09:00,-54.571,393.9303,85.5667,125.0,-54.571
2026-02-26 17:10:00,-54.26,393.9303,86.471,125.0,-54.26
2026-02-26 17:11:00,-53.945,393.9303,87.3701,125.0,-53.945
2026-02-26 17:12:00,-53.628,393.9303,88.2639,125.0,-53.628
2026-02-26 17:13:00,-53.309,393.9303,89.1524,125.0,-53.309
2026-02-26 17:14:00,-52.986,393.9303,90.0355,125.0,-52.986
2026-02-26 17:15:00,-52.662,393.9303,90.9132,125.0,-52.662
2026-02-26 17:16:00,-52.335,393.9303,91.7854,125.0,-52.335
2026-02-26 17:17:00,-52.005,393.9303,92.6522,125.0,-52.005
2026-02-26 17:18:00,-51.673,393.9303,93.5134,125.0,-51.673
2026-02-26 17:19:00,-51.339,393.9303,94.3691,125.0,-51.339
2026-02-26 17:20:00,-51.003,393.9303,95.2191,125.0,-51.003
2026-02-26 17:21:00,-50.664,393.9303,96.0635,125.0,-50.664
2026-02-26 17:22:00,-50.323,393.9303,96.9022,125.0,-50.323
2026-02-26 17:23:00,-49.981,393.9303,97.7352,125.0,-49.981
2026-02-26 17:24:00,-49.636,393.9303,98.5625,125.0,-49.636
2026-02-26 17:25:00,-49.288,393.9303,99.384,125.0,-49.288
2026-02-26 17:26:00,-48.939,393.9303,100.1996,125.0,-48.939
2026-02-26 17:27:00,-48.588,393.9303,101.0094,125.0,-48.588
2026-02-26 17:28:00,-48.236,393.9303,101.8134,125.0,-48.236
2026-02-26 17:29:00,-47.881,393.9303,102.6114,125.0,-47.881
2026-02-26 17:30:00,-47.525,393.9303,103.4035,125.0,-47.525
2026-02-26 17:31:00,-47.166,393.9303,104.1896,125.0,-47.166
2026-02-26 17:32:00,-46.807,393.9303,104.9697,125.0,-46.807
2026-02-26 17:33:00,-46.445,393.9303,105.7438,125.0,-46.445
2026-02-26 17:34:00,-46.082,393.9303,106.5118,125.0,-46.082
2026-02-26 17:35:00,-45.718,393.9303,107.2738,125.0,-45.718
2026-02-26 17:36:00,-45.352,393.9303,108.0297,125.0,-45.352
2026-02-26 17:37:00,-44.985,393.9303,108.7794,125.0,-44.985
2026-02-26 17:38:00,-44.617,393.9303,109.523,125.0,-44.617
2026-02-26 17:39:00,-44.247,393.9303,110.2605,125.0,-44.247
2026-02-26 17:40:00,-43.877,393.9303,110.9918,125.0,-43.877
2026-02-26 17:41:00,-43.505,393.9303,111.7168,125.0,-43.505
2026-02-26 17:42:00,-43.132,393.9303,112.4357,125.0,-43.132
2026-02-26 17:43:00,-42.758,393.9303,113.1483,125.0,-42.758
2026-02-26 17:44:00,-42.384,393.9303,113.8547,125.0,-42.384
2026-02-26 17:45:00,-42.008,393.9303,114.5549,125.0,-42.008
2026-02-26 17:46:00,-41.632,393.9303,115.2488,125.0,-41.632
2026-02-26 17:47:00,-41.256,393.9303,115.9363,125.0,-41.256
2026-02-26 17:48:00,-40.878,393.9303,116.6177,125.0,-40.878
2026-02-26 17:49:00,-40.501,393.9303,117.2927,125.0,-40.501
2026-02-26 17:50:00,-40.122,393.9303,117.9614,125.0,-40.122
2026-02-26 17:51:00,-39.744,393.9303,118.6238,125.0,-39.744
2026-02-26 17:52:00,-39.365,393.9303,119.2799,125.0,-39.365
2026-02-26 17:53:00,-38.986,393.9303,119.9296,125.0,-38.986
2026-02-26 17:54:00,-38.607,393.9303,120.5731,125.0,-38.607
2026-02-26 17:55:00,-38.228,393.9303,121.2102,125.0,-38.228
2026-02-26 17:56:00,-37.849,393.9303,121.8411,125.0,-37.849
2026-02-26 17:57:00,-37.471,393.9303,122.4656,125.0,-37.471
2026-02-26 17:58:00,-37.092,393.9303,123.0838,125.0,-37.092
2026-02-26 17:59:00,-36.714,393.9303,123.6957,125.0,-36.714
2026-02-26 18:00:00,-36.336,393.9303,124.3013,125.0,-36.336
2026-02-26 18:01:00,-35.959,393.9303,124.9006,125.0,-35.959
2026-02-26 18:02:00,-35.582,393.9303,125.4936,125.0,-35.582
2026-02-26 18:03:00,-35.206,393.9303,126.0804,125.0,-35.206
2026-02-26 18:04:00,-34.831,393.9303,126.6609,125.0,-34.831
2026-02-26 18:05:00,-34.457,393.9303,127.2352,125.0,-34.457
2026-02-26 18:06:00,-34.083,393.9303,127.8032,125.0,-34.083
2026-02-26 18:07:00,-33.711,393.9303,128.3651,125.0,-33.711
2026-02-26 18:08:00,-33.34,393.9303,128.9207,125.0,-33.34
2026-02-26 18:09:00,-32.97,393.9303,129.4702,125.0,-32.97
2026-02-26 18:10:00,-32.601,393.9303,130.0136,125.0,-32.601
2026-02-26 18:11:00,-32.234,393.9303,130.5508,125.0,-32.234
2026-02-26 18:12:00,-31.868,393.9303,131.0819,125.0,-31.868
2026-02-26 18:13:00,-31.504,393.9303,131.607,125.0,-31.504
2026-02-26 18:14:00,-31.141,393.9303,132.126,125.0,-31.141
2026-02-26 18:15:00,-30.78,393.9303,132.639,125.0,-30.78
2026-02-26 18:16:00,-30.421,393.9303,133.146,125.0,-30.421
2026-02-26 18:17:00,-30.064,393.9303,133.6471,125.0,-30.064
2026-02-26 18:18:00,-29.71,393.9303,134.1423,125.0,-29.71
2026-02-26 18:19:00,-29.357,393.9303,134.6316,125.0,-29.357
2026-02-26 18:20:00,-29.006,393.9303,135.115,125.0,-29.006
2026-02-26 18:21:00,-28.658,393.9303,135.5926,125.0,-28.658
2026-02-26 18:22:00,-28.312,393.9303,136.0645,125.0,-28.312
2026-02-26 18:23:00,-27.969,393.9303,136.5307,125.0,-27.969
2026-02-26 18:24:00,-27.629,393.9303,136.9911,125.0,-27.629
2026-02-26 18:25:00,-27.291,393.9303,137.446,125.0,-27.291
2026-02-26 18:26:00,-26.956,393.9303,137.8952,125.0,-26.956
2026-02-26 18:27:00,-26.624,393.9303,138.339,125.0,-26.624
2026-02-26 18:28:00,-26.294,393.9303,138.7772,125.0,-26.294
2026-02-26 18:29:00,-25.968,393.9303,139.21,125.0,-25.968
2026-02-26 18:30:00,-25.645,393.9303,139.6374,125.0,-25.645
2026-02-26 18:31:00,-25.326,393.9303,140.0595,125.0,-25.326
2026-02-26 18:32:00,-25.009,393.9303,140.4763,125.0,-25.009
2026-02-26 18:33:00,-24.696,393.9303,140.888,125.0,-24.696
2026-02-26 18:34:00,-24.387,393.9303,141.2944,125.0,-24.387
2026-02-26 18:35:00,-24.081,393.9303,141.6958,125.0,-24.081
2026-02-26 18:36:00,-23.779,393.9303,142.0921,125.0,-23.779
2026-02-26 18:37:00,-23.481,393.9303,142.4834,125.0,-23.481
2026-02-26 18:38:00,-23.187,393.9303,142.8699,125.0,-23.187
2026-02-26 18:39:00,-22.897,393.9303,143.2515,125.0,-22.897
2026-02-26 18:40:00,-22.61,393.9303,143.6283,125.0,-22.61
2026-02-26 18:41:00,-22.328,393.9303,144.0005,125.0,-22.328
2026-02-26 18:42:00,-22.05,393.9303,144.368,125.0,-22.05
2026-02-26 18:43:00,-21.777,393.9303,144.7309,125.0,-21.777
2026-02-26 18:44:00,-21.507,393.9303,145.0894,125.0,-21.507
2026-02-26 18:45:00,-21.243,393.9303,145.4434,125.0,-21.243
2026-02-26 18:46:00,-20.982,393.9303,145.7931,125.0,-20.982
2026-02-26 18:47:00,-20.727,393.9303,146.1386,125.0,-20.727
2026-02-26 18:48:00,-20.476,393.9303,146.4798,125.0,-20.476
2026-02-26 18:49:00,-20.23,393.9303,146.817,125.0,-20.23
2026-02-26 18:50:00,-19.989,393.9303,147.1501,125.0,-19.989
2026-02-26 18:51:00,-19.752,393.9303,147.4794,125.0,-19.752
2026-02-26 18:52:00,-19.521,393.9303,147.8047,125.0,-19.521
2026-02-26 18:53:00,-19.295,393.9303,148.1263,125.0,-19.295
2026-02-26 18:54:00,-19.074,393.9303,148.4442,125.0,-19.074
2026-02-26 18:55:00,-18.858,393.9303,148.7585,125.0,-18.858
2026-02-26 18:56:00,-18.647,393.9303,149.0693,125.0,-18.647
2026-02-26 18:57:00,-18.442,393.9303,149.3766,125.0,-18.442
2026-02-26 18:58:00,-18.242,393.9303,149.6807,125.0,-18.242
2026-02-26 18:59:00,-18.048,393.9303,149.9815,125.0,-18.048
2026-02-26 19:00:00,50.0,394.7636,149.9815,125.0,50.0
2026-02-26 19:01:00,50.0,395.5969,149.9815,125.0,50.0
2026-02-26 19:02:00,50.0,396.4303,149.9815,125.0,50.0
2026-02-26 19:03:00,50.0,397.2636,149.9815,125.0,50.0
2026-02-26 19:04:00,50.0,398.0969,149.9815,125.0,50.0
2026-02-26 19:05:00,50.0,398.9303,149.9815,125.0,50.0
2026-02-26 19:06:00,50.0,399.7636,149.9815,125.0,50.0
2026-02-26 19:07:00,50.0,400.5969,149.9815,125.0,50.0
2026-02-26 19:08:00,50.0,401.4303,149.9815,125.0,50.0
2026-02-26 19:09:00,50.0,402.2636,149.9815,125.0,50.0
2026-02-26 19:10:00,50.0,403.0969,149.9815,125.0,50.0
2026-02-26 19:11:00,50.0,403.9303,149.9815,125.0,50.0
2026-02-26 19:12:00,50.0,404.7636,149.9815,125.0,50.0
2026-02-26 19:13:00,50.0,405.5969,149.9815,125.0,50.0
2026-02-26 19:14:00,50.0,406.4303,149.9815,125.0,50.0
2026-02-26 19:15:00,50.0,407.2636,149.9815,125.0,50.0
2026-02-26 19:16:00,50.0,408.0969,149.9815,125.0,50.0
2026-02-26 19:17:00,50.0,408.9303,149.9815,125.0,50.0
2026-02-26 19:18:00,50.0,409.7636,149.9815,125.0,50.0
2026-02-26 19:19:00,50.0,410.5969,149.9815,125.0,50.0
2026-02-26 19:20:00,50.0,411.4303,149.9815,125.0,50.0
2026-02-26 19:21:00,50.0,412.2636,149.9815,125.0,50.0
2026-02-26 19:22:00,50.0,413.0969,149.9815,125.0,50.0
2026-02-26 19:23:00,50.0,413.9303,149.9815,125.0,50.0
2026-02-26 19:24:00,50.0,414.7636,149.9815,125.0,50.0
2026-02-26 19:25:00,50.0,415.5969,149.9815,125.0,50.0
2026-02-26 19:26:00,50.0,416.4303,149.9815,125.0,50.0
2026-02-26 19:27:00,50.0,417.2636,149.9815,125.0,50.0
2026-02-26 19:28:00,50.0,418.0969,149.9815,125.0,50.0
2026-02-26 19:29:00,50.0,418.9303,149.9815,125.0,50.0
2026-02-26 19:30:00,50.0,419.7636,149.9815,125.0,50.0
2026-02-26 19:31:00,50.0,420.5969,149.9815,125.0,50.0
2026-02-26 19:32:00,50.0,421.4303,149.9815,125.0,50.0
2026-02-26 19:33:00,50.0,422.2636,149.9815,125.0,50.0
2026-02-26 19:34:00,50.0,423.0969,149.9815,125.0,50.0
2026-02-26 19:35:00,50.0,423.9303,149.9815,125.0,50.0
2026-02-26 19:36:00,50.0,424.7636,149.9815,125.0,50.0
2026-02-26 19:37:00,50.0,425.5969,149.9815,125.0,50.0
2026-02-26 19:38:00,50.0,426.4303,149.9815,125.0,50.0
2026-02-26 19:39:00,50.0,427.2636,149.9815,125.0,50.0
2026-02-26 19:40:00,50.0,428.0969,149.9815,125.0,50.0
2026-02-26 19:41:00,50.0,428.9303,149.9815,125.0,50.0
2026-02-26 19:42:00,50.0,429.7636,149.9815,125.0,50.0
2026-02-26 19:43:00,50.0,430.5969,149.9815,125.0,50.0
2026-02-26 19:44:00,50.0,431.4303,149.9815,125.0,50.0
2026-02-26 19:45:00,50.0,432.2636,149.9815,125.0,50.0
2026-02-26 19:46:00,50.0,433.0969,149.9815,125.0,50.0
2026-02-26 19:47:00,50.0,433.9303,149.9815,125.0,50.0
2026-02-26 19:48:00,50.0,434.7636,149.9815,125.0,50.0
2026-02-26 19:49:00,50.0,435.5969,149.9815,125.0,50.0
2026-02-26 19:50:00,50.0,436.4303,149.9815,125.0,50.0
2026-02-26 19:51:00,50.0,437.2636,149.9815,125.0,50.0
2026-02-26 19:52:00,50.0,438.0969,149.9815,125.0,50.0
2026-02-26 19:53:00,50.0,438.9303,149.9815,125.0,50.0
2026-02-26 19:54:00,50.0,439.7636,149.9815,125.0,50.0
2026-02-26 19:55:00,50.0,440.5969,149.9815,125.0,50.0
2026-02-26 19:56:00,50.0,441.4303,149.9815,125.0,50.0
2026-02-26 19:57:00,50.0,442.2636,149.9815,125.0,50.0
2026-02-26 19:58:00,50.0,443.0969,149.9815,125.0,50.0
2026-02-26 19:59:00,50.0,443.9303,149.9815,125.0,50.0
2026-02-26 20:00:00,50.0,444.7636,149.9815,125.0,50.0
2026-02-26 20:01:00,50.0,445.5969,149.9815,125.0,50.0
2026-02-26 20:02:00,50.0,446.4303,149.9815,125.0,50.0
2026-02-26 20:03:00,50.0,447.2636,149.9815,125.0,50.0
2026-02-26 20:04:00,50.0,448.0969,149.9815,125.0,50.0
2026-02-26 20:05:00,50.0,448.9303,149.9815,125.0,50.0
2026-02-26 20:06:00,50.0,449.7636,149.9815,125.0,50.0
2026-02-26 20:07:00,50.0,450.5969,149.9815,125.0,50.0
2026-02-26 20:08:00,50.0,451.4303,149.9815,125.0,50.0
2026-02-26 20:09:00,50.0,452.2636,149.9815,125.0,50.0
2026-02-26 20:10:00,50.0,453.0969,149.9815,125.0,50.0
2026-02-26 20:11:00,50.0,453.9303,149.9815,125.0,50.0
2026-02-26 20:12:00,50.0,454.7636,149.9815,125.0,50.0
2026-02-26 20:13:00,50.0,455.5969,149.9815,125.0,50.0
2026-02-26 20:14:00,50.0,456.4303,149.9815,125.0,50.0
2026-02-26 20:15:00,50.0,457.2636,149.9815,125.0,50.0
2026-02-26 20:16:00,50.0,458.0969,149.9815,125.0,50.0
2026-02-26 20:17:00,50.0,458.9303,149.9815,125.0,50.0
2026-02-26 20:18:00,50.0,459.7636,149.9815,125.0,50.0
2026-02-26 20:19:00,50.0,460.5969,149.9815,125.0,50.0
2026-02-26 20:20:00,50.0,461.4303,149.9815,125.0,50.0
2026-02-26 20:21:00,50.0,462.2636,149.9815,125.0,50.0
2026-02-26 20:22:00,50.0,463.0969,149.9815,125.0,50.0
2026-02-26 20:23:00,50.0,463.9303,149.9815,125.0,50.0
2026-02-26 20:24:00,50.0,464.7636,149.9815,125.0,50.0
2026-02-26 20:25:00,50.0,465.5969,149.9815,125.0,50.0
2026-02-26 20:26:00,50.0,466.4303,149.9815,125.0,50.0
2026-02-26 20:27:00,50.0,467.2636,149.9815,125.0,50.0
2026-02-26 20:28:00,50.0,468.0969,149.9815,125.0,50.0
2026-02-26 20:29:00,50.0,468.9303,149.9815,125.0,50.0
2026-02-26 20:30:00,50.0,469.7636,149.9815,125.0,50.0
2026-02-26 20:31:00,50.0,470.5969,149.9815,125.0,50.0
2026-02-26 20:32:00,50.0,471.4303,149.9815,125.0,50.0
2026-02-26 20:33:00,50.0,472.2636,149.9815,125.0,50.0
2026-02-26 20:34:00,50.0,473.0969,149.9815,125.0,50.0
2026-02-26 20:35:00,50.0,473.9303,149.9815,125.0,50.0
2026-02-26 20:36:00,50.0,474.7636,149.9815,125.0,50.0
2026-02-26 20:37:00,50.0,475.5969,149.9815,125.0,50.0
2026-02-26 20:38:00,50.0,476.4303,149.9815,125.0,50.0
2026-02-26 20:39:00,50.0,477.2636,149.9815,125.0,50.0
2026-02-26 20:40:00,50.0,478.0969,149.9815,125.0,50.0
2026-02-26 20:41:00,50.0,478.9303,149.9815,125.0,50.0
2026-02-26 20:42:00,50.0,479.7636,149.9815,125.0,50.0
2026-02-26 20:43:00,50.0,480.5969,149.9815,125.0,50.0
2026-02-26 20:44:00,50.0,481.4303,149.9815,125.0,50.0
2026-02-26 20:45:00,50.0,482.2636,149.9815,125.0,50.0
2026-02-26 20:46:00,50.0,483.0969,149.9815,125.0,50.0
2026-02-26 20:47:00,50.0,483.9303,149.9815,125.0,50.0
2026-02-26 20:48:00,50.0,484.7636,149.9815,125.0,50.0
2026-02-26 20:49:00,50.0,485.5969,149.9815,125.0,50.0
2026-02-26 20:50:00,50.0,486.4303,149.9815,125.0,50.0
2026-02-26 20:51:00,50.0,487.2636,149.9815,125.0,50.0
2026-02-26 20:52:00,50.0,488.0969,149.9815,125.0,50.0
2026-02-26 20:53:00,50.0,488.9303,149.9815,125.0,50.0
2026-02-26 20:54:00,50.0,489.7636,149.9815,125.0,50.0
2026-02-26 20:55:00,50.0,490.5969,149.9815,125.0,50.0
2026-02-26 20:56:00,50.0,491.4303,149.9815,125.0,50.0
2026-02-26 20:57:00,50.0,492.2636,149.9815,125.0,50.0
2026-02-26 20:58:00,50.0,493.0969,149.9815,125.0,50.0
2026-02-26 20:59:00,50.0,493.9303,149.9815,125.0,50.0
2026-02-26 21:00:00,50.0,494.7636,149.9815,125.0,50.0
2026-02-26 21:01:00,50.0,495.5969,149.9815,125.0,50.0
2026-02-26 21:02:00,50.0,496.4303,149.9815,125.0,50.0
2026-02-26 21:03:00,50.0,497.2636,149.9815,125.0,50.0
2026-02-26 21:04:00,50.0,498.0969,149.9815,125.0,50.0
2026-02-26 21:05:00,50.0,498.9303,149.9815,125.0,50.0
2026-02-26 21:06:00,50.0,499.7636,149.9815,125.0,50.0
2026-02-26 21:07:00,50.0,500.5969,149.9815,125.0,50.0
2026-02-26 21:08:00,50.0,501.4303,149.9815,125.0,50.0
2026-02-26 21:09:00,50.0,502.2636,149.9815,125.0,50.0
2026-02-26 21:10:00,50.0,503.0969,149.9815,125.0,50.0
2026-02-26 21:11:00,50.0,503.9303,149.9815,125.0,50.0
2026-02-26 21:12:00,50.0,504.7636,149.9815,125.0,50.0
2026-02-26 21:13:00,50.0,505.5969,149.9815,125.0,50.0
2026-02-26 21:14:00,50.0,506.4303,149.9815,125.0,50.0
2026-02-26 21:15:00,50.0,507.2636,149.9815,125.0,50.0
2026-02-26 21:16:00,8.061,507.398,149.9815,125.0,8.061
2026-02-26 21:17:00,0.0,507.398,149.9815,125.0,0.0
2026-02-26 21:18:00,0.0,507.398,149.9815,125.0,0.0
2026-02-26 21:19:00,0.0,507.398,149.9815,125.0,0.0
2026-02-26 21:20:00,0.0,507.398,149.9815,125.0,0.0
2026-02-26 21:21:00,0.0,507.398,149.9815,125.0,0.0
2026-02-26 21:22:00,0.0,507.398,149.9815,125.0,0.0
2026-02-26 21:23:00,0.0,507.398,149.9815,125.0,0.0
2026-02-26 21:24:00,0.0,507.398,149.9815,125.0,0.0
2026-02-26 21:25:00,0.0,507.398,149.9815,125.0,0.0
2026-02-26 21:26:00,0.0,507.398,149.9815,125.0,0.0
2026-02-26 21:27:00,0.0,507.398,149.9815,125.0,0.0
2026-02-26 21:28:00,0.0,507.398,149.9815,125.0,0.0
2026-02-26 21:29:00,0.0,507.398,149.9815,125.0,0.0
2026-02-26 21:30:00,0.0,507.398,149.9815,125.0,0.0
2026-02-26 21:31:00,0.0,507.398,149.9815,125.0,0.0
2026-02-26 21:32:00,0.0,507.398,149.9815,125.0,0.0
2026-02-26 21:33:00,0.0,507.398,149.9815,125.0,0.0
2026-02-26 21:34:00,0.0,507.398,149.9815,125.0,0.0
2026-02-26 21:35:00,0.0,507.398,149.9815,125.0,0.0
2026-02-26 21:36:00,0.0,507.398,149.9815,125.0,0.0
2026-02-26 21:37:00,0.0,507.398,149.9815,125.0,0.0
2026-02-26 21:38:00,0.0,507.398,149.9815,125.0,0.0
2026-02-26 21:39:00,0.0,507.398,149.9815,125.0,0.0
2026-02-26 21:40:00,0.0,507.398,149.9815,125.0,0.0
2026-02-26 21:41:00,0.0,507.398,149.9815,125.0,0.0
2026-02-26 21:42:00,0.0,507.398,149.9815,125.0,0.0
2026-02-26 21:43:00,0.0,507.398,149.9815,125.0,0.0
2026-02-26 21:44:00,0.0,507.398,149.9815,125.0,0.0
2026-02-26 21:45:00,0.0,507.398,149.9815,125.0,0.0
2026-02-26 21:46:00,0.0,507.398,149.9815,125.0,0.0
2026-02-26 21:47:00,0.0,507.398,149.9815,125.0,0.0
2026-02-26 21:48:00,0.0,507.398,149.9815,125.0,0.0
2026-02-26 21:49:00,0.0,507.398,149.9815,125.0,0.0
2026-02-26 21:50:00,0.0,507.398,149.9815,125.0,0.0
2026-02-26 21:51:00,0.0,507.398,149.9815,125.0,0.0
2026-02-26 21:52:00,0.0,507.398,149.9815,125.0,0.0
2026-02-26 21:53:00,0.0,507.398,149.9815,125.0,0.0
2026-02-26 21:54:00,0.0,507.398,149.9815,125.0,0.0
2026-02-26 21:55:00,0.0,507.398,149.9815,125.0,0.0
2026-02-26 21:56:00,0.0,507.398,149.9815,125.0,0.0
2026-02-26 21:57:00,0.0,507.398,149.9815,125.0,0.0
2026-02-26 21:58:00,0.0,507.398,149.9815,125.0,0.0
2026-02-26 21:59:00,0.0,507.398,149.9815,125.0,0.0
2026-02-26 22:00:00,0.0,507.398,149.9815,125.0,0.0
2026-02-26 22:01:00,0.0,507.398,149.9815,125.0,0.0
2026-02-26 22:02:00,0.0,507.398,149.9815,125.0,0.0
2026-02-26 22:03:00,0.0,507.398,149.9815,125.0,0.0
2026-02-26 22:04:00,0.0,507.398,149.9815,125.0,0.0
2026-02-26 22:05:00,0.0,507.398,149.9815,125.0,0.0
2026-02-26 22:06:00,0.0,507.398,149.9815,125.0,0.0
2026-02-26 22:07:00,0.0,507.398,149.9815,125.0,0.0
2026-02-26 22:08:00,0.0,507.398,149.9815,125.0,0.0
2026-02-26 22:09:00,0.0,507.398,149.9815,125.0,0.0
2026-02-26 22:10:00,0.0,507.398,149.9815,125.0,0.0
2026-02-26 22:11:00,0.0,507.398,149.9815,125.0,0.0
2026-02-26 22:12:00,0.0,507.398,149.9815,125.0,0.0
2026-02-26 22:13:00,0.0,507.398,149.9815,125.0,0.0
2026-02-26 22:14:00,0.0,507.398,149.9815,125.0,0.0
2026-02-26 22:15:00,0.0,507.398,149.9815,125.0,0.0
2026-02-26 22:16:00,0.0,507.398,149.9815,125.0,0.0
2026-02-26 22:17:00,0.0,507.398,149.9815,125.0,0.0
2026-02-26 22:18:00,0.0,507.398,149.9815,125.0,0.0
2026-02-26 22:19:00,0.0,507.398,149.9815,125.0,0.0
2026-02-26 22:20:00,0.0,507.398,149.9815,125.0,0.0
2026-02-26 22:21:00,0.0,507.398,149.9815,125.0,0.0
2026-02-26 22:22:00,0.0,507.398,149.9815,125.0,0.0
2026-02-26 22:23:00,0.0,507.398,149.9815,125.0,0.0
2026-02-26 22:24:00,0.0,507.398,149.9815,125.0,0.0
2026-02-26 22:25:00,0.0,507.398,149.9815,125.0,0.0
2026-02-26 22:26:00,0.0,507.398,149.9815,125.0,0.0
2026-02-26 22:27:00,0.0,507.398,149.9815,125.0,0.0
2026-02-26 22:28:00,0.0,507.398,149.9815,125.0,0.0
2026-02-26 22:29:00,0.0,507.398,149.9815,125.0,0.0
2026-02-26 22:30:00,0.0,507.398,149.9815,125.0,0.0
2026-02-26 22:31:00,0.0,507.398,149.9815,125.0,0.0
2026-02-26 22:32:00,0.0,507.398,149.9815,125.0,0.0
2026-02-26 22:33:00,0.0,507.398,149.9815,125.0,0.0
2026-02-26 22:34:00,0.0,507.398,149.9815,125.0,0.0
2026-02-26 22:35:00,0.0,507.398,149.9815,125.0,0.0
2026-02-26 22:36:00,0.0,507.398,149.9815,125.0,0.0
2026-02-26 22:37:00,0.0,507.398,149.9815,125.0,0.0
2026-02-26 22:38:00,0.0,507.398,149.9815,125.0,0.0
2026-02-26 22:39:00,0.0,507.398,149.9815,125.0,0.0
2026-02-26 22:40:00,0.0,507.398,149.9815,125.0,0.0
2026-02-26 22:41:00,0.0,507.398,149.9815,125.0,0.0
2026-02-26 22:42:00,0.0,507.398,149.9815,125.0,0.0
2026-02-26 22:43:00,0.0,507.398,149.9815,125.0,0.0
2026-02-26 22:44:00,0.0,507.398,149.9815,125.0,0.0
2026-02-26 22:45:00,0.0,507.398,149.9815,125.0,0.0
2026-02-26 22:46:00,0.0,507.398,149.9815,125.0,0.0
2026-02-26 22:47:00,0.0,507.398,149.9815,125.0,0.0
2026-02-26 22:48:00,0.0,507.398,149.9815,125.0,0.0
2026-02-26 22:49:00,0.0,507.398,149.9815,125.0,0.0
2026-02-26 22:50:00,0.0,507.398,149.9815,125.0,0.0
2026-02-26 22:51:00,0.0,507.398,149.9815,125.0,0.0
2026-02-26 22:52:00,0.0,507.398,149.9815,125.0,0.0
2026-02-26 22:53:00,0.0,507.398,149.9815,125.0,0.0
2026-02-26 22:54:00,0.0,507.398,149.9815,125.0,0.0
2026-02-26 22:55:00,0.0,507.398,149.9815,125.0,0.0
2026-02-26 22:56:00,0.0,507.398,149.9815,125.0,0.0
2026-02-26 22:57:00,0.0,507.398,149.9815,125.0,0.0
2026-02-26 22:58:00,0.0,507.398,149.9815,125.0,0.0
2026-02-26 22:59:00,0.0,507.398,149.9815,125.0,0.0
2026-02-26 23:00:00,0.0,507.398,149.9815,125.0,0.0
2026-02-26 23:01:00,0.0,507.398,149.9815,125.0,0.0
2026-02-26 23:02:00,0.0,507.398,149.9815,125.0,0.0
2026-02-26 23:03:00,0.0,507.398,149.9815,125.0,0.0
2026-02-26 23:04:00,0.0,507.398,149.9815,125.0,0.0
2026-02-26 23:05:00,0.0,507.398,149.9815,125.0,0.0
2026-02-26 23:06:00,0.0,507.398,149.9815,125.0,0.0
2026-02-26 23:07:00,0.0,507.398,149.9815,125.0,0.0
2026-02-26 23:08:00,0.0,507.398,149.9815,125.0,0.0
2026-02-26 23:09:00,0.0,507.398,149.9815,125.0,0.0
2026-02-26 23:10:00,0.0,507.398,149.9815,125.0,0.0
2026-02-26 23:11:00,0.0,507.398,149.9815,125.0,0.0
2026-02-26 23:12:00,0.0,507.398,149.9815,125.0,0.0
2026-02-26 23:13:00,0.0,507.398,149.9815,125.0,0.0
2026-02-26 23:14:00,0.0,507.398,149.9815,125.0,0.0
2026-02-26 23:15:00,0.0,507.398,149.9815,125.0,0.0
2026-02-26 23:16:00,0.0,507.398,149.9815,125.0,0.0
2026-02-26 23:17:00,0.0,507.398,149.9815,125.0,0.0
2026-02-26 23:18:00,0.0,507.398,149.9815,125.0,0.0
2026-02-26 23:19:00,0.0,507.398,149.9815,125.0,0.0
2026-02-26 23:20:00,0.0,507.398,149.9815,125.0,0.0
2026-02-26 23:21:00,0.0,507.398,149.9815,125.0,0.0
2026-02-26 23:22:00,0.0,507.398,149.9815,125.0,0.0
2026-02-26 23:23:00,0.0,507.398,149.9815,125.0,0.0
2026-02-26 23:24:00,0.0,507.398,149.9815,125.0,0.0
2026-02-26 23:25:00,0.0,507.398,149.9815,125.0,0.0
2026-02-26 23:26:00,0.0,507.398,149.9815,125.0,0.0
2026-02-26 23:27:00,0.0,507.398,149.9815,125.0,0.0
2026-02-26 23:28:00,0.0,507.398,149.9815,125.0,0.0
2026-02-26 23:29:00,0.0,507.398,149.9815,125.0,0.0
2026-02-26 23:30:00,0.0,507.398,149.9815,125.0,0.0
2026-02-26 23:31:00,0.0,507.398,149.9815,125.0,0.0
2026-02-26 23:32:00,0.0,507.398,149.9815,125.0,0.0
2026-02-26 23:33:00,0.0,507.398,149.9815,125.0,0.0
2026-02-26 23:34:00,0.0,507.398,149.9815,125.0,0.0
2026-02-26 23:35:00,0.0,507.398,149.9815,125.0,0.0
2026-02-26 23:36:00,0.0,507.398,149.9815,125.0,0.0
2026-02-26 23:37:00,0.0,507.398,149.9815,125.0,0.0
2026-02-26 23:38:00,0.0,507.398,149.9815,125.0,0.0
2026-02-26 23:39:00,0.0,507.398,149.9815,125.0,0.0
2026-02-26 23:40:00,0.0,507.398,149.9815,125.0,0.0
2026-02-26 23:41:00,0.0,507.398,149.9815,125.0,0.0
2026-02-26 23:42:00,0.0,507.398,149.9815,125.0,0.0
2026-02-26 23:43:00,0.0,507.398,149.9815,125.0,0.0
2026-02-26 23:44:00,0.0,507.398,149.9815,125.0,0.0
2026-02-26 23:45:00,0.0,507.398,149.9815,125.0,0.0
2026-02-26 23:46:00,0.0,507.398,149.9815,125.0,0.0
2026-02-26 23:47:00,0.0,507.398,149.9815,125.0,0.0
2026-02-26 23:48:00,0.0,507.398,149.9815,125.0,0.0
2026-02-26 23:49:00,0.0,507.398,149.9815,125.0,0.0
2026-02-26 23:50:00,0.0,507.398,149.9815,125.0,0.0
2026-02-26 23:51:00,0.0,507.398,149.9815,125.0,0.0
2026-02-26 23:52:00,0.0,507.398,149.9815,125.0,0.0
2026-02-26 23:53:00,0.0,507.398,149.9815,125.0,0.0
2026-02-26 23:54:00,0.0,507.398,149.9815,125.0,0.0
2026-02-26 23:55:00,0.0,507.398,149.9815,125.0,0.0
2026-02-26 23:56:00,0.0,507.398,149.9815,125.0,0.0
2026-02-26 23:57:00,0.0,507.398,149.9815,125.0,0.0
2026-02-26 23:58:00,0.0,507.398,149.9815,125.0,0.0
2026-02-26 23:59:00,0.0,507.398,149.9815,125.0,0.0
