time,电池功率(kW),正向有功总电能,反向有功总电能,储能SOC(%),电池设置功率(kW)
2026-02-26 00:00:00,0.0,0.0,0.0,10.0,
2026-02-26 00:01:00,0.0,0.0,0.0,10.0,
2026-02-26 00:02:00,0.0,0.0,0.0,10.0,
2026-02-26 00:03:00,0.0,0.0,0.0,10.0,
2026-02-26 00:04:00,0.0,0.0,0.0,10.0,
2026-02-26 00:05:00,0.0,0.0,0.0,10.0,
2026-02-26 00:06:00,0.0,0.0,0.0,10.0,
2026-02-26 00:07:00,0.0,0.0,0.0,10.0,
2026-02-26 00:08:00,0.0,0.0,0.0,10.0,
2026-02-26 00:09:00,0.0,0.0,0.0,10.0,
2026-02-26 00:10:00,0.0,0.0,0.0,10.0,
2026-02-26 00:11:00,0.0,0.0,0.0,10.0,
2026-02-26 00:12:00,0.0,0.0,0.0,10.0,
2026-02-26 00:13:00,0.0,0.0,0.0,10.0,
2026-02-26 00:14:00,0.0,0.0,0.0,10.0,
2026-02-26 00:15:00,0.0,0.0,0.0,10.0,
2026-02-26 00:16:00,0.0,0.0,0.0,10.0,
2026-02-26 00:17:00,0.0,0.0,0.0,10.0,
2026-02-26 00:18:00,0.0,0.0,0.0,10.0,
2026-02-26 00:19:00,0.0,0.0,0.0,10.0,
2026-02-26 00:20:00,0.0,0.0,0.0,10.0,
2026-02-26 00:21:00,0.0,0.0,0.0,10.0,
2026-02-26 00:22:00,0.0,0.0,0.0,10.0,
2026-02-26 00:23:00,0.0,0.0,0.0,10.0,
2026-02-26 00:24:00,0.0,0.0,0.0,10.0,
2026-02-26 00:25:00,0.0,0.0,0.0,10.0,
2026-02-26 00:26:00,0.0,0.0,0.0,10.0,
2026-02-26 00:27:00,0.0,0.0,0.0,10.0,
2026-02-26 00:28:00,0.0,0.0,0.0,10.0,
2026-02-26 00:29:00,0.0,0.0,0.0,10.0,
2026-02-26 00:30:00,0.0,0.0,0.0,10.0,
2026-02-26 00:31:00,0.0,0.0,0.0,10.0,
2026-02-26 00:32:00,0.0,0.0,0.0,10.0,
2026-02-26 00:33:00,0.0,0.0,0.0,10.0,
2026-02-26 00:34:00,0.0,0.0,0.0,10.0,
2026-02-26 00:35:00,0.0,0.0,0.0,10.0,
2026-02-26 00:36:00,0.0,0.0,0.0,10.0,
2026-02-26 00:37:00,0.0,0.0,0.0,10.0,
2026-02-26 00:38:00,0.0,0.0,0.0,10.0,
2026-02-26 00:39:00,0.0,0.0,0.0,10.0,
2026-02-26 00:40:00,0.0,0.0,0.0,10.0,
2026-02-26 00:41:00,0.0,0.0,0.0,10.0,
2026-02-26 00:42:00,0.0,0.0,0.0,10.0,
2026-02-26 00:43:00,0.0,0.0,0.0,10.0,
2026-02-26 00:44:00,0.0,0.0,0.0,10.0,
2026-02-26 00:45:00,0.0,0.0,0.0,10.0,
2026-02-26 00:46:00,0.0,0.0,0.0,10.0,
2026-02-26 00:47:00,0.0,0.0,0.0,10.0,
2026-02-26 00:48:00,0.0,0.0,0.0,10.0,
2026-02-26 00:49:00,0.0,0.0,0.0,10.0,
2026-02-26 00:50:00,0.0,0.0,0.0,10.0,
2026-02-26 00:51:00,0.0,0.0,0.0,10.0,
2026-02-26 00:52:00,0.0,0.0,0.0,10.0,
2026-02-26 00:53:00,0.0,0.0,0.0,10.0,
2026-02-26 00:54:00,0.0,0.0,0.0,10.0,
2026-02-26 00:55:00,0.0,0.0,0.0,10.0,
2026-02-26 00:56:00,0.0,0.0,0.0,10.0,
2026-02-26 00:57:00,0.0,0.0,0.0,10.0,
2026-02-26 00:58:00,0.0,0.0,0.0,10.0,
2026-02-26 00:59:00,0.0,0.0,0.0,10.0,
2026-02-26 01:00:00,0.0,0.0,0.0,10.0,
2026-02-26 01:01:00,0.0,0.0,0.0,10.0,
2026-02-26 01:02:00,0.0,0.0,0.0,10.0,
2026-02-26 01:03:00,0.0,0.0,0.0,10.0,
2026-02-26 01:04:00,0.0,0.0,0.0,10.0,
2026-02-26 01:05:00,0.0,0.0,0.0,10.0,
2026-02-26 01:06:00,0.0,0.0,0.0,10.0,
2026-02-26 01:07:00,0.0,0.0,0.0,10.0,
2026-02-26 01:08:00,0.0,0.0,0.0,10.0,
2026-02-26 01:09:00,0.0,0.0,0.0,10.0,
2026-02-26 01:10:00,0.0,0.0,0.0,10.0,
2026-02-26 01:11:00,0.0,0.0,0.0,10.0,
2026-02-26 01:12:00,0.0,0.0,0.0,10.0,
2026-02-26 01:13:00,0.0,0.0,0.0,10.0,
2026-02-26 01:14:00,0.0,0.0,0.0,10.0,
2026-02-26 01:15:00,0.0,0.0,0.0,10.0,
2026-02-26 01:16:00,0.0,0.0,0.0,10.0,
2026-02-26 01:17:00,0.0,0.0,0.0,10.0,
2026-02-26 01:18:00,0.0,0.0,0.0,10.0,
2026-02-26 01:19:00,0.0,0.0,0.0,10.0,
2026-02-26 01:20:00,0.0,0.0,0.0,10.0,
2026-02-26 01:21:00,0.0,0.0,0.0,10.0,
2026-02-26 01:22:00,0.0,0.0,0.0,10.0,
2026-02-26 01:23:00,0.0,0.0,0.0,10.0,
2026-02-26 01:24:00,0.0,0.0,0.0,10.0,
2026-02-26 01:25:00,0.0,0.0,0.0,10.0,
2026-02-26 01:26:00,0.0,0.0,0.0,10.0,
2026-02-26 01:27:00,0.0,0.0,0.0,10.0,
2026-02-26 01:28:00,0.0,0.0,0.0,10.0,
2026-02-26 01:29:00,0.0,0.0,0.0,10.0,
2026-02-26 01:30:00,0.0,0.0,0.0,10.0,
2026-02-26 01:31:00,0.0,0.0,0.0,10.0,
2026-02-26 01:32:00,0.0,0.0,0.0,10.0,
2026-02-26 01:33:00,0.0,0.0,0.0,10.0,
2026-02-26 01:34:00,0.0,0.0,0.0,10.0,
2026-02-26 01:35:00,0.0,0.0,0.0,10.0,
2026-02-26 01:36:00,0.0,0.0,0.0,10.0,
2026-02-26 01:37:00,0.0,0.0,0.0,10.0,
2026-02-26 01:38:00,0.0,0.0,0.0,10.0,
2026-02-26 01:39:00,0.0,0.0,0.0,10.0,
2026-02-26 01:40:00,0.0,0.0,0.0,10.0,
2026-02-26 01:41:00,0.0,0.0,0.0,10.0,
2026-02-26 01:42:00,0.0,0.0,0.0,10.0,
2026-02-26 01:43:00,0.0,0.0,0.0,10.0,
2026-02-26 01:44:00,0.0,0.0,0.0,10.0,
2026-02-26 01:45:00,0.0,0.0,0.0,10.0,
2026-02-26 01:46:00,0.0,0.0,0.0,10.0,
2026-02-26 01:47:00,0.0,0.0,0.0,10.0,
2026-02-26 01:48:00,0.0,0.0,0.0,10.0,
2026-02-26 01:49:00,0.0,0.0,0.0,10.0,
2026-02-26 01:50:00,0.0,0.0,0.0,10.0,
2026-02-26 01:51:00,0.0,0.0,0.0,10.0,
2026-02-26 01:52:00,0.0,0.0,0.0,10.0,
2026-02-26 01:53:00,0.0,0.0,0.0,10.0,
2026-02-26 01:54:00,0.0,0.0,0.0,10.0,
2026-02-26 01:55:00,0.0,0.0,0.0,10.0,
2026-02-26 01:56:00,0.0,0.0,0.0,10.0,
2026-02-26 01:57:00,0.0,0.0,0.0,10.0,
2026-02-26 01:58:00,0.0,0.0,0.0,10.0,
2026-02-26 01:59:00,0.0,0.0,0.0,10.0,
2026-02-26 02:00:00,0.0,0.0,0.0,10.0,
2026-02-26 02:01:00,0.0,0.0,0.0,10.0,
2026-02-26 02:02:00,0.0,0.0,0.0,10.0,
2026-02-26 02:03:00,0.0,0.0,0.0,10.0,
2026-02-26 02:04:00,0.0,0.0,0.0,10.0,
2026-02-26 02:05:00,0.0,0.0,0.0,10.0,
2026-02-26 02:06:00,0.0,0.0,0.0,10.0,
2026-02-26 02:07:00,0.0,0.0,0.0,10.0,
2026-02-26 02:08:00,0.0,0.0,0.0,10.0,
2026-02-26 02:09:00,0.0,0.0,0.0,10.0,
2026-02-26 02:10:00,0.0,0.0,0.0,10.0,
2026-02-26 02:11:00,0.0,0.0,0.0,10.0,
2026-02-26 02:12:00,0.0,0.0,0.0,10.0,
2026-02-26 02:13:00,0.0,0.0,0.0,10.0,
2026-02-26 02:14:00,0.0,0.0,0.0,10.0,
2026-02-26 02:15:00,0.0,0.0,0.0,10.0,
2026-02-26 02:16:00,0.0,0.0,0.0,10.0,
2026-02-26 02:17:00,0.0,0.0,0.0,10.0,
2026-02-26 02:18:00,0.0,0.0,0.0,10.0,
2026-02-26 02:19:00,0.0,0.0,0.0,10.0,
2026-02-26 02:20:00,0.0,0.0,0.0,10.0,
2026-02-26 02:21:00,0.0,0.0,0.0,10.0,
2026-02-26 02:22:00,0.0,0.0,0.0,10.0,
2026-02-26 02:23:00,0.0,0.0,0.0,10.0,
2026-02-26 02:24:00,0.0,0.0,0.0,10.0,
2026-02-26 02:25:00,0.0,0.0,0.0,10.0,
2026-02-26 02:26:00,0.0,0.0,0.0,10.0,
2026-02-26 02:27:00,0.0,0.0,0.0,10.0,
2026-02-26 02:28:00,0.0,0.0,0.0,10.0,
2026-02-26 02:29:00,0.0,0.0,0.0,10.0,
2026-02-26 02:30:00,0.0,0.0,0.0,10.0,
2026-02-26 02:31:00,0.0,0.0,0.0,10.0,
2026-02-26 02:32:00,0.0,0.0,0.0,10.0,
2026-02-26 02:33:00,0.0,0.0,0.0,10.0,
2026-02-26 02:34:00,0.0,0.0,0.0,10.0,
2026-02-26 02:35:00,0.0,0.0,0.0,10.0,
2026-02-26 02:36:00,0.0,0.0,0.0,10.0,
2026-02-26 02:37:00,0.0,0.0,0.0,10.0,
2026-02-26 02:38:00,0.0,0.0,0.0,10.0,
2026-02-26 02:39:00,0.0,0.0,0.0,10.0,
2026-02-26 02:40:00,0.0,0.0,0.0,10.0,
2026-02-26 02:41:00,0.0,0.0,0.0,10.0,
2026-02-26 02:42:00,0.0,0.0,0.0,10.0,
2026-02-26 02:43:00,0.0,0.0,0.0,10.0,
2026-02-26 02:44:00,0.0,0.0,0.0,10.0,
2026-02-26 02:45:00,0.0,0.0,0.0,10.0,
2026-02-26 02:46:00,0.0,0.0,0.0,10.0,
2026-02-26 02:47:00,0.0,0.0,0.0,10.0,
2026-02-26 02:48:00,0.0,0.0,0.0,10.0,
2026-02-26 02:49:00,0.0,0.0,0.0,10.0,
2026-02-26 02:50:00,0.0,0.0,0.0,10.0,
2026-02-26 02:51:00,0.0,0.0,0.0,10.0,
2026-02-26 02:52:00,0.0,0.0,0.0,10.0,
2026-02-26 02:53:00,0.0,0.0,0.0,10.0,
2026-02-26 02:54:00,0.0,0.0,0.0,10.0,
2026-02-26 02:55:00,0.0,0.0,0.0,10.0,
2026-02-26 02:56:00,0.0,0.0,0.0,10.0,
2026-02-26 02:57:00,0.0,0.0,0.0,10.0,
2026-02-26 02:58:00,0.0,0.0,0.0,10.0,
2026-02-26 02:59:00,0.0,0.0,0.0,10.0,
2026-02-26 03:00:00,0.0,0.0,0.0,10.0,
2026-02-26 03:01:00,0.0,0.0,0.0,10.0,
2026-02-26 03:02:00,0.0,0.0,0.0,10.0,
2026-02-26 03:03:00,0.0,0.0,0.0,10.0,
2026-02-26 03:04:00,0.0,0.0,0.0,10.0,
2026-02-26 03:05:00,0.0,0.0,0.0,10.0,
2026-02-26 03:06:00,0.0,0.0,0.0,10.0,
2026-02-26 03:07:00,0.0,0.0,0.0,10.0,
2026-02-26 03:08:00,0.0,0.0,0.0,10.0,
2026-02-26 03:09:00,0.0,0.0,0.0,10.0,
2026-02-26 03:10:00,0.0,0.0,0.0,10.0,
2026-02-26 03:11:00,0.0,0.0,0.0,10.0,
2026-02-26 03:12:00,0.0,0.0,0.0,10.0,
2026-02-26 03:13:00,0.0,0.0,0.0,10.0,
2026-02-26 03:14:00,0.0,0.0,0.0,10.0,
2026-02-26 03:15:00,0.0,0.0,0.0,10.0,
2026-02-26 03:16:00,0.0,0.0,0.0,10.0,
2026-02-26 03:17:00,0.0,0.0,0.0,10.0,
2026-02-26 03:18:00,0.0,0.0,0.0,10.0,
2026-02-26 03:19:00,0.0,0.0,0.0,10.0,
2026-02-26 03:20:00,0.0,0.0,0.0,10.0,
2026-02-26 03:21:00,0.0,0.0,0.0,10.0,
2026-02-26 03:22:00,0.0,0.0,0.0,10.0,
2026-02-26 03:23:00,0.0,0.0,0.0,10.0,
2026-02-26 03:24:00,0.0,0.0,0.0,10.0,
2026-02-26 03:25:00,0.0,0.0,0.0,10.0,
2026-02-26 03:26:00,0.0,0.0,0.0,10.0,
2026-02-26 03:27:00,0.0,0.0,0.0,10.0,
2026-02-26 03:28:00,0.0,0.0,0.0,10.0,
2026-02-26 03:29:00,0.0,0.0,0.0,10.0,
2026-02-26 03:30:00,0.0,0.0,0.0,10.0,
2026-02-26 03:31:00,0.0,0.0,0.0,10.0,
2026-02-26 03:32:00,0.0,0.0,0.0,10.0,
2026-02-26 03:33:00,0.0,0.0,0.0,10.0,
2026-02-26 03:34:00,0.0,0.0,0.0,10.0,
2026-02-26 03:35:00,0.0,0.0,0.0,10.0,
2026-02-26 03:36:00,0.0,0.0,0.0,10.0,
2026-02-26 03:37:00,0.0,0.0,0.0,10.0,
2026-02-26 03:38:00,0.0,0.0,0.0,10.0,
2026-02-26 03:39:00,0.0,0.0,0.0,10.0,
2026-02-26 03:40:00,0.0,0.0,0.0,10.0,
2026-02-26 03:41:00,0.0,0.0,0.0,10.0,
2026-02-26 03:42:00,0.0,0.0,0.0,10.0,
2026-02-26 03:43:00,0.0,0.0,0.0,10.0,
2026-02-26 03:44:00,0.0,0.0,0.0,10.0,
2026-02-26 03:45:00,0.0,0.0,0.0,10.0,
2026-02-26 03:46:00,0.0,0.0,0.0,10.0,
2026-02-26 03:47:00,0.0,0.0,0.0,10.0,
2026-02-26 03:48:00,0.0,0.0,0.0,10.0,
2026-02-26 03:49:00,0.0,0.0,0.0,10.0,
2026-02-26 03:50:00,0.0,0.0,0.0,10.0,
2026-02-26 03:51:00,0.0,0.0,0.0,10.0,
2026-02-26 03:52:00,0.0,0.0,0.0,10.0,
2026-02-26 03:53:00,0.0,0.0,0.0,10.0,
2026-02-26 03:54:00,0.0,0.0,0.0,10.0,
2026-02-26 03:55:00,0.0,0.0,0.0,10.0,
2026-02-26 03:56:00,0.0,0.0,0.0,10.0,
2026-02-26 03:57:00,0.0,0.0,0.0,10.0,
2026-02-26 03:58:00,0.0,0.0,0.0,10.0,
2026-02-26 03:59:00,0.0,0.0,0.0,10.0,
2026-02-26 04:00:00,0.0,0.0,0.0,10.0,
2026-02-26 04:01:00,0.0,0.0,0.0,10.0,
2026-02-26 04:02:00,0.0,0.0,0.0,10.0,
2026-02-26 04:03:00,0.0,0.0,0.0,10.0,
2026-02-26 04:04:00,0.0,0.0,0.0,10.0,
2026-02-26 04:05:00,0.0,0.0,0.0,10.0,
2026-02-26 04:06:00,0.0,0.0,0.0,10.0,
2026-02-26 04:07:00,0.0,0.0,0.0,10.0,
2026-02-26 04:08:00,0.0,0.0,0.0,10.0,
2026-02-26 04:09:00,0.0,0.0,0.0,10.0,
2026-02-26 04:10:00,0.0,0.0,0.0,10.0,
2026-02-26 04:11:00,0.0,0.0,0.0,10.0,
2026-02-26 04:12:00,0.0,0.0,0.0,10.0,
2026-02-26 04:13:00,0.0,0.0,0.0,10.0,
2026-02-26 04:14:00,0.0,0.0,0.0,10.0,
2026-02-26 04:15:00,0.0,0.0,0.0,10.0,
2026-02-26 04:16:00,0.0,0.0,0.0,10.0,
2026-02-26 04:17:00,0.0,0.0,0.0,10.0,
2026-02-26 04:18:00,0.0,0.0,0.0,10.0,
2026-02-26 04:19:00,0.0,0.0,0.0,10.0,
2026-02-26 04:20:00,0.0,0.0,0.0,10.0,
2026-02-26 04:21:00,0.0,0.0,0.0,10.0,
2026-02-26 04:22:00,0.0,0.0,0.0,10.0,
2026-02-26 04:23:00,0.0,0.0,0.0,10.0,
2026-02-26 04:24:00,0.0,0.0,0.0,10.0,
2026-02-26 04:25:00,0.0,0.0,0.0,10.0,
2026-02-26 04:26:00,0.0,0.0,0.0,10.0,
2026-02-26 04:27:00,0.0,0.0,0.0,10.0,
2026-02-26 04:28:00,0.0,0.0,0.0,10.0,
2026-02-26 04:29:00,0.0,0.0,0.0,10.0,
2026-02-26 04:30:00,0.0,0.0,0.0,10.0,
2026-02-26 04:31:00,0.0,0.0,0.0,10.0,
2026-02-26 04:32:00,0.0,0.0,0.0,10.0,
2026-02-26 04:33:00,0.0,0.0,0.0,10.0,
2026-02-26 04:34:00,0.0,0.0,0.0,10.0,
2026-02-26 04:35:00,0.0,0.0,0.0,10.0,
2026-02-26 04:36:00,0.0,0.0,0.0,10.0,
2026-02-26 04:37:00,0.0,0.0,0.0,10.0,
2026-02-26 04:38:00,0.0,0.0,0.0,10.0,
2026-02-26 04:39:00,0.0,0.0,0.0,10.0,
2026-02-26 04:40:00,0.0,0.0,0.0,10.0,
2026-02-26 04:41:00,0.0,0.0,0.0,10.0,
2026-02-26 04:42:00,0.0,0.0,0.0,10.0,
2026-02-26 04:43:00,0.0,0.0,0.0,10.0,
2026-02-26 04:44:00,0.0,0.0,0.0,10.0,
2026-02-26 04:45:00,0.0,0.0,0.0,10.0,
2026-02-26 04:46:00,0.0,0.0,0.0,10.0,
2026-02-26 04:47:00,0.0,0.0,0.0,10.0,
2026-02-26 04:48:00,0.0,0.0,0.0,10.0,
2026-02-26 04:49:00,0.0,0.0,0.0,10.0,
2026-02-26 04:50:00,0.0,0.0,0.0,10.0,
2026-02-26 04:51:00,0.0,0.0,0.0,10.0,
2026-02-26 04:52:00,0.0,0.0,0.0,10.0,
2026-02-26 04:53:00,0.0,0.0,0.0,10.0,
2026-02-26 04:54:00,0.0,0.0,0.0,10.0,
2026-02-26 04:55:00,0.0,0.0,0.0,10.0,
2026-02-26 04:56:00,0.0,0.0,0.0,10.0,
2026-02-26 04:57:00,0.0,0.0,0.0,10.0,
2026-02-26 04:58:00,0.0,0.0,0.0,10.0,
2026-02-26 04:59:00,0.0,0.0,0.0,10.0,
2026-02-26 05:00:00,-100.0,0.0,1.6667,10.64,
2026-02-26 05:01:00,-100.0,0.0,3.3333,11.28,
2026-02-26 05:02:00,-100.0,0.0,5.0,11.92,
2026-02-26 05:03:00,-100.0,0.0,6.6667,12.56,
2026-02-26 05:04:00,-100.0,0.0,8.3333,13.21,
2026-02-26 05:05:00,-100.0,0.0,10.0,13.85,
2026-02-26 05:06:00,-100.0,0.0,11.6667,14.49,
2026-02-26 05:07:00,-100.0,0.0,13.3333,15.13,
2026-02-26 05:08:00,-100.0,0.0,15.0,15.77,
2026-02-26 05:09:00,-100.0,0.0,16.6667,16.41,
2026-02-26 05:10:00,-100.0,0.0,18.3333,17.05,
2026-02-26 05:11:00,-100.0,0.0,20.0,17.69,
2026-02-26 05:12:00,-100.0,0.0,21.6667,18.33,
2026-02-26 05:13:00,-100.0,0.0,23.3333,18.97,
2026-02-26 05:14:00,-100.0,0.0,25.0,19.62,
2026-02-26 05:15:00,-100.0,0.0,26.6667,20.26,
2026-02-26 05:16:00,-100.0,0.0,28.3333,20.9,
2026-02-26 05:17:00,-100.0,0.0,30.0,21.54,
2026-02-26 05:18:00,-100.0,0.0,31.6667,22.18,
2026-02-26 05:19:00,-100.0,0.0,33.3333,22.82,
2026-02-26 05:20:00,-100.0,0.0,35.0,23.46,
2026-02-26 05:21:00,-100.0,0.0,36.6667,24.1,
2026-02-26 05:22:00,-100.0,0.0,38.3333,24.74,
2026-02-26 05:23:00,-100.0,0.0,40.0,25.38,
2026-02-26 05:24:00,-100.0,0.0,41.6667,26.03,
2026-02-26 05:25:00,-100.0,0.0,43.3333,26.67,
2026-02-26 05:26:00,-100.0,0.0,45.0,27.31,
2026-02-26 05:27:00,-100.0,0.0,46.6667,27.95,
2026-02-26 05:28:00,-100.0,0.0,48.3333,28.59,
2026-02-26 05:29:00,-100.0,0.0,50.0,29.23,
2026-02-26 05:30:00,-100.0,0.0,51.6667,29.87,
2026-02-26 05:31:00,-100.0,0.0,53.3333,30.51,
2026-02-26 05:32:00,-100.0,0.0,55.0,31.15,
2026-02-26 05:33:00,-100.0,0.0,56.6667,31.79,
2026-02-26 05:34:00,-100.0,0.0,58.3333,32.44,
2026-02-26 05:35:00,-100.0,0.0,60.0,33.08,
2026-02-26 05:36:00,-100.0,0.0,61.6667,33.72,
2026-02-26 05:37:00,-100.0,0.0,63.3333,34.36,
2026-02-26 05:38:00,-100.0,0.0,65.0,35.0,
2026-02-26 05:39:00,-100.0,0.0,66.6667,35.64,
2026-02-26 05:40:00,-100.0,0.0,68.3333,36.28,
2026-02-26 05:41:00,-100.0,0.0,70.0,36.92,
2026-02-26 05:42:00,-100.0,0.0,71.6667,37.56,
2026-02-26 05:43:00,-100.0,0.0,73.3333,38.21,
2026-02-26 05:44:00,-100.0,0.0,75.0,38.85,
2026-02-26 05:45:00,-100.0,0.0,76.6667,39.49,
2026-02-26 05:46:00,-100.0,0.0,78.3333,40.13,
2026-02-26 05:47:00,-100.0,0.0,80.0,40.77,
2026-02-26 05:48:00,-100.0,0.0,81.6667,41.41,
2026-02-26 05:49:00,-100.0,0.0,83.3333,42.05,
2026-02-26 05:50:00,-100.0,0.0,85.0,42.69,
2026-02-26 05:51:00,-100.0,0.0,86.6667,43.33,
2026-02-26 05:52:00,-100.0,0.0,88.3333,43.97,
2026-02-26 05:53:00,-100.0,0.0,90.0,44.62,
2026-02-26 05:54:00,-100.0,0.0,91.6667,45.26,
2026-02-26 05:55:00,-100.0,0.0,93.3333,45.9,
2026-02-26 05:56:00,-100.0,0.0,95.0,46.54,
2026-02-26 05:57:00,-100.0,0.0,96.6667,47.18,
2026-02-26 05:58:00,-100.0,0.0,98.3333,47.82,
2026-02-26 05:59:00,-100.0,0.0,100.0,48.46,
2026-02-26 06:00:00,-100.0,0.0,101.6667,49.1,
2026-02-26 06:01:00,-100.0,0.0,103.3333,49.74,
2026-02-26 06:02:00,-100.0,0.0,105.0,50.38,
2026-02-26 06:03:00,-100.0,0.0,106.6667,51.03,
2026-02-26 06:04:00,-100.0,0.0,108.3333,51.67,
2026-02-26 06:05:00,-100.0,0.0,110.0,52.31,
2026-02-26 06:06:00,-100.0,0.0,111.6667,52.95,
2026-02-26 06:07:00,-100.0,0.0,113.3333,53.59,
2026-02-26 06:08:00,-100.0,0.0,115.0,54.23,
2026-02-26 06:09:00,-100.0,0.0,116.6667,54.87,
2026-02-26 06:10:00,-100.0,0.0,118.3333,55.51,
2026-02-26 06:11:00,-100.0,0.0,120.0,56.15,
2026-02-26 06:12:00,-100.0,0.0,121.6667,56.79,
2026-02-26 06:13:00,-100.0,0.0,123.3333,57.44,
2026-02-26 06:14:00,-100.0,0.0,125.0,58.08,
2026-02-26 06:15:00,-100.0,0.0,126.6667,58.72,
2026-02-26 06:16:00,-100.0,0.0,128.3333,59.36,
2026-02-26 06:17:00,-100.0,0.0,130.0,60.0,
2026-02-26 06:18:00,-100.0,0.0,131.6667,60.64,
2026-02-26 06:19:00,-100.0,0.0,133.3333,61.28,
2026-02-26 06:20:00,-100.0,0.0,135.0,61.92,
2026-02-26 06:21:00,-100.0,0.0,136.6667,62.56,
2026-02-26 06:22:00,-100.0,0.0,138.3333,63.21,
2026-02-26 06:23:00,-100.0,0.0,140.0,63.85,
2026-02-26 06:24:00,-100.0,0.0,141.6667,64.49,
2026-02-26 06:25:00,-100.0,0.0,143.3333,65.13,
2026-02-26 06:26:00,-100.0,0.0,145.0,65.77,
2026-02-26 06:27:00,-100.0,0.0,146.6667,66.41,
2026-02-26 06:28:00,-100.0,0.0,148.3333,67.05,
2026-02-26 06:29:00,-100.0,0.0,150.0,67.69,
2026-02-26 06:30:00,-100.0,0.0,151.6667,68.33,
2026-02-26 06:31:00,-100.0,0.0,153.3333,68.97,
2026-02-26 06:32:00,-100.0,0.0,155.0,69.62,
2026-02-26 06:33:00,-100.0,0.0,156.6667,70.26,
2026-02-26 06:34:00,-100.0,0.0,158.3333,70.9,
2026-02-26 06:35:00,-100.0,0.0,160.0,71.54,
2026-02-26 06:36:00,-100.0,0.0,161.6667,72.18,
2026-02-26 06:37:00,-100.0,0.0,163.3333,72.82,
2026-02-26 06:38:00,-100.0,0.0,165.0,73.46,
2026-02-26 06:39:00,-100.0,0.0,166.6667,74.1,
2026-02-26 06:40:00,-100.0,0.0,168.3333,74.74,
2026-02-26 06:41:00,-100.0,0.0,170.0,75.38,
2026-02-26 06:42:00,-100.0,0.0,171.6667,76.03,
2026-02-26 06:43:00,-100.0,0.0,173.3333,76.67,
2026-02-26 06:44:00,-100.0,0.0,175.0,77.31,
2026-02-26 06:45:00,-100.0,0.0,176.6667,77.95,
2026-02-26 06:46:00,-100.0,0.0,178.3333,78.59,
2026-02-26 06:47:00,-100.0,0.0,180.0,79.23,
2026-02-26 06:48:00,-100.0,0.0,181.6667,79.87,
2026-02-26 06:49:00,-100.0,0.0,183.3333,80.51,
2026-02-26 06:50:00,-100.0,0.0,185.0,81.15,
2026-02-26 06:51:00,-100.0,0.0,186.6667,81.79,
2026-02-26 06:52:00,-100.0,0.0,188.3333,82.44,
2026-02-26 06:53:00,-100.0,0.0,190.0,83.08,
2026-02-26 06:54:00,-100.0,0.0,191.6667,83.72,
2026-02-26 06:55:00,-100.0,0.0,193.3333,84.36,
2026-02-26 06:56:00,-100.0,0.0,195.0,85.0,
2026-02-26 06:57:00,-100.0,0.0,196.6667,85.64,
2026-02-26 06:58:00,-100.0,0.0,198.3333,86.28,
2026-02-26 06:59:00,-100.0,0.0,200.0,86.92,
2026-02-26 07:00:00,-100.0,0.0,201.6667,87.56,
2026-02-26 07:01:00,-100.0,0.0,203.3333,88.21,
2026-02-26 07:02:00,-100.0,0.0,205.0,88.85,
2026-02-26 07:03:00,-100.0,0.0,206.6667,89.49,
2026-02-26 07:04:00,-100.0,0.0,208.3333,90.0,
2026-02-26 07:05:00,0.0,0.0,208.3333,90.0,
2026-02-26 07:06:00,0.0,0.0,208.3333,90.0,
2026-02-26 07:07:00,0.0,0.0,208.3333,90.0,
2026-02-26 07:08:00,0.0,0.0,208.3333,90.0,
2026-02-26 07:09:00,0.0,0.0,208.3333,90.0,
2026-02-26 07:10:00,0.0,0.0,208.3333,90.0,
2026-02-26 07:11:00,0.0,0.0,208.3333,90.0,
2026-02-26 07:12:00,0.0,0.0,208.3333,90.0,
2026-02-26 07:13:00,0.0,0.0,208.3333,90.0,
2026-02-26 07:14:00,0.0,0.0,208.3333,90.0,
2026-02-26 07:15:00,0.0,0.0,208.3333,90.0,
2026-02-26 07:16:00,0.0,0.0,208.3333,90.0,
2026-02-26 07:17:00,0.0,0.0,208.3333,90.0,
2026-02-26 07:18:00,0.0,0.0,208.3333,90.0,
2026-02-26 07:19:00,0.0,0.0,208.3333,90.0,
2026-02-26 07:20:00,0.0,0.0,208.3333,90.0,
2026-02-26 07:21:00,0.0,0.0,208.3333,90.0,
2026-02-26 07:22:00,0.0,0.0,208.3333,90.0,
2026-02-26 07:23:00,0.0,0.0,208.3333,90.0,
2026-02-26 07:24:00,0.0,0.0,208.3333,90.0,
2026-02-26 07:25:00,0.0,0.0,208.3333,90.0,
2026-02-26 07:26:00,0.0,0.0,208.3333,90.0,
2026-02-26 07:27:00,0.0,0.0,208.3333,90.0,
2026-02-26 07:28:00,0.0,0.0,208.3333,90.0,
2026-02-26 07:29:00,0.0,0.0,208.3333,90.0,
2026-02-26 07:30:00,0.0,0.0,208.3333,90.0,
2026-02-26 07:31:00,0.0,0.0,208.3333,90.0,
2026-02-26 07:32:00,0.0,0.0,208.3333,90.0,
2026-02-26 07:33:00,0.0,0.0,208.3333,90.0,
2026-02-26 07:34:00,0.0,0.0,208.3333,90.0,
2026-02-26 07:35:00,0.0,0.0,208.3333,90.0,
2026-02-26 07:36:00,0.0,0.0,208.3333,90.0,
2026-02-26 07:37:00,0.0,0.0,208.3333,90.0,
2026-02-26 07:38:00,0.0,0.0,208.3333,90.0,
2026-02-26 07:39:00,0.0,0.0,208.3333,90.0,
2026-02-26 07:40:00,0.0,0.0,208.3333,90.0,
2026-02-26 07:41:00,0.0,0.0,208.3333,90.0,
2026-02-26 07:42:00,0.0,0.0,208.3333,90.0,
2026-02-26 07:43:00,0.0,0.0,208.3333,90.0,
2026-02-26 07:44:00,0.0,0.0,208.3333,90.0,
2026-02-26 07:45:00,0.0,0.0,208.3333,90.0,
2026-02-26 07:46:00,0.0,0.0,208.3333,90.0,
2026-02-26 07:47:00,0.0,0.0,208.3333,90.0,
2026-02-26 07:48:00,0.0,0.0,208.3333,90.0,
2026-02-26 07:49:00,0.0,0.0,208.3333,90.0,
2026-02-26 07:50:00,0.0,0.0,208.3333,90.0,
2026-02-26 07:51:00,0.0,0.0,208.3333,90.0,
2026-02-26 07:52:00,0.0,0.0,208.3333,90.0,
2026-02-26 07:53:00,0.0,0.0,208.3333,90.0,
2026-02-26 07:54:00,0.0,0.0,208.3333,90.0,
2026-02-26 07:55:00,0.0,0.0,208.3333,90.0,
2026-02-26 07:56:00,0.0,0.0,208.3333,90.0,
2026-02-26 07:57:00,0.0,0.0,208.3333,90.0,
2026-02-26 07:58:00,0.0,0.0,208.3333,90.0,
2026-02-26 07:59:00,0.0,0.0,208.3333,90.0,
2026-02-26 08:00:00,0.0,0.0,208.3333,90.0,
2026-02-26 08:01:00,0.0,0.0,208.3333,90.0,
2026-02-26 08:02:00,0.0,0.0,208.3333,90.0,
2026-02-26 08:03:00,0.0,0.0,208.3333,90.0,
2026-02-26 08:04:00,0.0,0.0,208.3333,90.0,
2026-02-26 08:05:00,0.0,0.0,208.3333,90.0,
2026-02-26 08:06:00,0.0,0.0,208.3333,90.0,
2026-02-26 08:07:00,0.0,0.0,208.3333,90.0,
2026-02-26 08:08:00,0.0,0.0,208.3333,90.0,
2026-02-26 08:09:00,0.0,0.0,208.3333,90.0,
2026-02-26 08:10:00,0.0,0.0,208.3333,90.0,
2026-02-26 08:11:00,0.0,0.0,208.3333,90.0,
2026-02-26 08:12:00,0.0,0.0,208.3333,90.0,
2026-02-26 08:13:00,0.0,0.0,208.3333,90.0,
2026-02-26 08:14:00,0.0,0.0,208.3333,90.0,
2026-02-26 08:15:00,0.0,0.0,208.3333,90.0,
2026-02-26 08:16:00,0.0,0.0,208.3333,90.0,
2026-02-26 08:17:00,0.0,0.0,208.3333,90.0,
2026-02-26 08:18:00,0.0,0.0,208.3333,90.0,
2026-02-26 08:19:00,0.0,0.0,208.3333,90.0,
2026-02-26 08:20:00,0.0,0.0,208.3333,90.0,
2026-02-26 08:21:00,0.0,0.0,208.3333,90.0,
2026-02-26 08:22:00,0.0,0.0,208.3333,90.0,
2026-02-26 08:23:00,0.0,0.0,208.3333,90.0,
2026-02-26 08:24:00,0.0,0.0,208.3333,90.0,
2026-02-26 08:25:00,0.0,0.0,208.3333,90.0,
2026-02-26 08:26:00,0.0,0.0,208.3333,90.0,
2026-02-26 08:27:00,0.0,0.0,208.3333,90.0,
2026-02-26 08:28:00,0.0,0.0,208.3333,90.0,
2026-02-26 08:29:00,0.0,0.0,208.3333,90.0,
2026-02-26 08:30:00,0.0,0.0,208.3333,90.0,
2026-02-26 08:31:00,0.0,0.0,208.3333,90.0,
2026-02-26 08:32:00,0.0,0.0,208.3333,90.0,
2026-02-26 08:33:00,0.0,0.0,208.3333,90.0,
2026-02-26 08:34:00,0.0,0.0,208.3333,90.0,
2026-02-26 08:35:00,0.0,0.0,208.3333,90.0,
2026-02-26 08:36:00,0.0,0.0,208.3333,90.0,
2026-02-26 08:37:00,0.0,0.0,208.3333,90.0,
2026-02-26 08:38:00,0.0,0.0,208.3333,90.0,
2026-02-26 08:39:00,0.0,0.0,208.3333,90.0,
2026-02-26 08:40:00,0.0,0.0,208.3333,90.0,
2026-02-26 08:41:00,0.0,0.0,208.3333,90.0,
2026-02-26 08:42:00,0.0,0.0,208.3333,90.0,
2026-02-26 08:43:00,0.0,0.0,208.3333,90.0,
2026-02-26 08:44:00,0.0,0.0,208.3333,90.0,
2026-02-26 08:45:00,0.0,0.0,208.3333,90.0,
2026-02-26 08:46:00,0.0,0.0,208.3333,90.0,
2026-02-26 08:47:00,0.0,0.0,208.3333,90.0,
2026-02-26 08:48:00,0.0,0.0,208.3333,90.0,
2026-02-26 08:49:00,0.0,0.0,208.3333,90.0,
2026-02-26 08:50:00,0.0,0.0,208.3333,90.0,
2026-02-26 08:51:00,0.0,0.0,208.3333,90.0,
2026-02-26 08:52:00,0.0,0.0,208.3333,90.0,
2026-02-26 08:53:00,0.0,0.0,208.3333,90.0,
2026-02-26 08:54:00,0.0,0.0,208.3333,90.0,
2026-02-26 08:55:00,0.0,0.0,208.3333,90.0,
2026-02-26 08:56:00,0.0,0.0,208.3333,90.0,
2026-02-26 08:57:00,0.0,0.0,208.3333,90.0,
2026-02-26 08:58:00,0.0,0.0,208.3333,90.0,
2026-02-26 08:59:00,0.0,0.0,208.3333,90.0,
2026-02-26 09:00:00,65.93,1.0988,208.3333,89.58,100.0
2026-02-26 09:01:00,66.002,2.1989,208.3333,89.15,100.0
2026-02-26 09:02:00,66.067,3.3,208.3333,88.73,100.0
2026-02-26 09:03:00,66.125,4.402,208.3333,88.31,100.0
2026-02-26 09:04:00,66.175,5.505,208.3333,87.88,100.0
2026-02-26 09:05:00,66.217,6.6086,208.3333,87.46,100.0
2026-02-26 09:06:00,66.252,7.7128,208.3333,87.03,100.0
2026-02-26 09:07:00,66.278,8.8174,208.3333,86.61,100.0
2026-02-26 09:08:00,66.297,9.9223,208.3333,86.18,100.0
2026-02-26 09:09:00,66.307,11.0275,208.3333,85.76,100.0
2026-02-26 09:10:00,66.309,12.1326,208.3333,85.33,100.0
2026-02-26 09:11:00,66.303,13.2377,208.3333,84.91,100.0
2026-02-26 09:12:00,66.288,14.3425,208.3333,84.48,100.0
2026-02-26 09:13:00,66.264,15.4469,208.3333,84.06,100.0
2026-02-26 09:14:00,66.232,16.5507,208.3333,83.63,100.0
2026-02-26 09:15:00,66.19,17.6539,208.3333,83.21,100.0
2026-02-26 09:16:00,66.14,18.7562,208.3333,82.79,100.0
2026-02-26 09:17:00,66.081,19.8576,208.3333,82.36,100.0
2026-02-26 09:18:00,66.013,20.9578,208.3333,81.94,100.0
2026-02-26 09:19:00,65.936,22.0567,208.3333,81.52,100.0
2026-02-26 09:20:00,65.849,23.1542,208.3333,81.09,100.0
2026-02-26 09:21:00,65.753,24.2501,208.3333,80.67,100.0
2026-02-26 09:22:00,65.648,25.3442,208.3333,80.25,100.0
2026-02-26 09:23:00,65.533,26.4364,208.3333,79.83,100.0
2026-02-26 09:24:00,65.409,27.5266,208.3333,79.41,100.0
2026-02-26 09:25:00,65.276,28.6145,208.3333,78.99,100.0
2026-02-26 09:26:00,65.133,29.7001,208.3333,78.58,100.0
2026-02-26 09:27:00,64.98,30.7831,208.3333,78.16,100.0
2026-02-26 09:28:00,64.818,31.8634,208.3333,77.74,100.0
2026-02-26 09:29:00,64.646,32.9408,208.3333,77.33,100.0
2026-02-26 09:30:00,64.465,34.0152,208.3333,76.92,100.0
2026-02-26 09:31:00,64.275,35.0865,208.3333,76.51,100.0
2026-02-26 09:32:00,64.074,36.1544,208.3333,76.09,100.0
2026-02-26 09:33:00,63.865,37.2188,208.3333,75.69,100.0
2026-02-26 09:34:00,63.645,38.2795,208.3333,75.28,100.0
2026-02-26 09:35:00,63.416,39.3365,208.3333,74.87,100.0
2026-02-26 09:36:00,63.178,40.3895,208.3333,74.47,100.0
2026-02-26 09:37:00,62.931,41.4383,208.3333,74.06,100.0
2026-02-26 09:38:00,62.673,42.4829,208.3333,73.66,100.0
2026-02-26 09:39:00,62.407,43.523,208.3333,73.26,100.0
2026-02-26 09:40:00,62.131,44.5585,208.3333,72.86,100.0
2026-02-26 09:41:00,61.847,45.5893,208.3333,72.47,100.0
2026-02-26 09:42:00,61.553,46.6151,208.3333,72.07,100.0
2026-02-26 09:43:00,61.249,47.636,208.3333,71.68,100.0
2026-02-26 09:44:00,60.937,48.6516,208.3333,71.29,100.0
2026-02-26 09:45:00,60.616,49.6619,208.3333,70.9,100.0
2026-02-26 09:46:00,60.287,50.6666,208.3333,70.51,100.0
2026-02-26 09:47:00,59.948,51.6658,208.3333,70.13,100.0
2026-02-26 09:48:00,59.601,52.6591,208.3333,69.75,100.0
2026-02-26 09:49:00,59.245,53.6465,208.3333,69.37,100.0
2026-02-26 09:50:00,58.881,54.6279,208.3333,68.99,100.0
2026-02-26 09:51:00,58.509,55.603,208.3333,68.61,100.0
2026-02-26 09:52:00,58.128,56.5718,208.3333,68.24,100.0
2026-02-26 09:53:00,57.74,57.5342,208.3333,67.87,100.0
2026-02-26 09:54:00,57.343,58.4899,208.3333,67.5,100.0
2026-02-26 09:55:00,56.939,59.4389,208.3333,67.14,100.0
2026-02-26 09:56:00,56.527,60.381,208.3333,66.78,100.0
2026-02-26 09:57:00,56.107,61.3161,208.3333,66.42,100.0
2026-02-26 09:58:00,55.68,62.2441,208.3333,66.06,100.0
2026-02-26 09:59:00,55.246,63.1649,208.3333,65.71,100.0
2026-02-26 10:00:00,54.805,64.0783,208.3333,65.35,100.0
2026-02-26 10:01:00,54.357,64.9842,208.3333,65.01,100.0
2026-02-26 10:02:00,53.903,65.8826,208.3333,64.66,100.0
2026-02-26 10:03:00,53.441,66.7733,208.3333,64.32,100.0
2026-02-26 10:04:00,52.974,67.6562,208.3333,63.98,100.0
2026-02-26 10:05:00,52.5,68.5312,208.3333,63.64,100.0
2026-02-26 10:06:00,52.02,69.3982,208.3333,63.31,100.0
2026-02-26 10:07:00,51.534,70.2571,208.3333,62.98,100.0
2026-02-26 10:08:00,51.043,71.1078,208.3333,62.65,100.0
2026-02-26 10:09:00,50.546,71.9503,208.3333,62.33,100.0
2026-02-26 10:10:00,50.044,72.7843,208.3333,62.01,100.0
2026-02-26 10:11:00,49.537,73.61,208.3333,61.69,100.0
2026-02-26 10:12:00,49.025,74.427,208.3333,61.37,100.0
2026-02-26 10:13:00,48.508,75.2355,208.3333,61.06,100.0
2026-02-26 10:14:00,47.986,76.0353,208.3333,60.76,100.0
2026-02-26 10:15:00,47.461,76.8263,208.3333,60.45,100.0
2026-02-26 10:16:00,46.931,77.6085,208.3333,60.15,100.0
2026-02-26 10:17:00,46.397,78.3817,208.3333,59.85,100.0
2026-02-26 10:18:00,45.86,79.1461,208.3333,59.56,100.0
2026-02-26 10:19:00,45.319,79.9014,208.3333,59.27,100.0
2026-02-26 10:20:00,44.774,80.6476,208.3333,58.98,100.0
2026-02-26 10:21:00,44.227,81.3847,208.3333,58.7,100.0
2026-02-26 10:22:00,43.677,82.1127,208.3333,58.42,100.0
2026-02-26 10:23:00,43.124,82.8314,208.3333,58.14,100.0
2026-02-26 10:24:00,42.568,83.5409,208.3333,57.87,100.0
2026-02-26 10:25:00,42.01,84.241,208.3333,57.6,100.0
2026-02-26 10:26:00,41.45,84.9319,208.3333,57.33,100.0
2026-02-26 10:27:00,40.889,85.6134,208.3333,57.07,100.0
2026-02-26 10:28:00,40.325,86.2854,208.3333,56.81,100.0
2026-02-26 10:29:00,39.76,86.9481,208.3333,56.56,100.0
2026-02-26 10:30:00,39.194,87.6013,208.3333,56.31,100.0
2026-02-26 10:31:00,38.627,88.2451,208.3333,56.06,100.0
2026-02-26 10:32:00,38.059,88.8794,208.3333,55.82,100.0
2026-02-26 10:33:00,37.49,89.5043,208.3333,55.58,100.0
2026-02-26 10:34:00,36.921,90.1196,208.3333,55.34,100.0
2026-02-26 10:35:00,36.351,90.7255,208.3333,55.11,100.0
2026-02-26 10:36:00,35.782,91.3218,208.3333,54.88,100.0
2026-02-26 10:37:00,35.213,91.9087,208.3333,54.65,100.0
2026-02-26 10:38:00,34.644,92.4861,208.3333,54.43,100.0
2026-02-26 10:39:00,34.075,93.054,208.3333,54.21,100.0
2026-02-26 10:40:00,33.507,93.6125,208.3333,54.0,100.0
2026-02-26 10:41:00,32.94,94.1615,208.3333,53.78,100.0
2026-02-26 10:42:00,32.374,94.7011,208.3333,53.58,100.0
2026-02-26 10:43:00,31.81,95.2312,208.3333,53.37,100.0
2026-02-26 10:44:00,31.246,95.752,208.3333,53.17,100.0
2026-02-26 10:45:00,30.685,96.2634,208.3333,52.98,100.0
2026-02-26 10:46:00,30.125,96.7655,208.3333,52.78,100.0
2026-02-26 10:47:00,29.567,97.2583,208.3333,52.59,100.0
2026-02-26 10:48:00,29.012,97.7418,208.3333,52.41,100.0
2026-02-26 10:49:00,28.458,98.2161,208.3333,52.22,100.0
2026-02-26 10:50:00,27.907,98.6812,208.3333,52.05,100.0
2026-02-26 10:51:00,27.359,99.1372,208.3333,51.87,100.0
2026-02-26 10:52:00,26.813,99.5841,208.3333,51.7,100.0
2026-02-26 10:53:00,26.271,100.022,208.3333,51.53,100.0
2026-02-26 10:54:00,25.731,100.4508,208.3333,51.37,100.0
2026-02-26 10:55:00,25.195,100.8707,208.3333,51.2,100.0
2026-02-26 10:56:00,24.662,101.2817,208.3333,51.05,100.0
2026-02-26 10:57:00,24.132,101.6839,208.3333,50.89,100.0
2026-02-26 10:58:00,23.606,102.0774,208.3333,50.74,100.0
2026-02-26 10:59:00,23.084,102.4621,208.3333,50.59,100.0
2026-02-26 11:00:00,0.0,102.4621,208.3333,50.59,
2026-02-26 11:01:00,0.0,102.4621,208.3333,50.59,
2026-02-26 11:02:00,0.0,102.4621,208.3333,50.59,
2026-02-26 11:03:00,0.0,102.4621,208.3333,50.59,
2026-02-26 11:04:00,0.0,102.4621,208.3333,50.59,
2026-02-26 11:05:00,0.0,102.4621,208.3333,50.59,
2026-02-26 11:06:00,0.0,102.4621,208.3333,50.59,
2026-02-26 11:07:00,0.0,102.4621,208.3333,50.59,
2026-02-26 11:08:00,0.0,102.4621,208.3333,50.59,
2026-02-26 11:09:00,0.0,102.4621,208.3333,50.59,
2026-02-26 11:10:00,0.0,102.4621,208.3333,50.59,
2026-02-26 11:11:00,0.0,102.4621,208.3333,50.59,
2026-02-26 11:12:00,0.0,102.4621,208.3333,50.59,
2026-02-26 11:13:00,0.0,102.4621,208.3333,50.59,
2026-02-26 11:14:00,0.0,102.4621,208.3333,50.59,
2026-02-26 11:15:00,0.0,102.4621,208.3333,50.59,
2026-02-26 11:16:00,0.0,102.4621,208.3333,50.59,
2026-02-26 11:17:00,0.0,102.4621,208.3333,50.59,
2026-02-26 11:18:00,0.0,102.4621,208.3333,50.59,
2026-02-26 11:19:00,0.0,102.4621,208.3333,50.59,
2026-02-26 11:20:00,0.0,102.4621,208.3333,50.59,
2026-02-26 11:21:00,0.0,102.4621,208.3333,50.59,
2026-02-26 11:22:00,0.0,102.4621,208.3333,50.59,
2026-02-26 11:23:00,0.0,102.4621,208.3333,50.59,
2026-02-26 11:24:00,0.0,102.4621,208.3333,50.59,
2026-02-26 11:25:00,0.0,102.4621,208.3333,50.59,
2026-02-26 11:26:00,0.0,102.4621,208.3333,50.59,
2026-02-26 11:27:00,0.0,102.4621,208.3333,50.59,
2026-02-26 11:28:00,0.0,102.4621,208.3333,50.59,
2026-02-26 11:29:00,0.0,102.4621,208.3333,50.59,
2026-02-26 11:30:00,0.0,102.4621,208.3333,50.59,
2026-02-26 11:31:00,0.0,102.4621,208.3333,50.59,
2026-02-26 11:32:00,0.0,102.4621,208.3333,50.59,
2026-02-26 11:33:00,0.0,102.4621,208.3333,50.59,
2026-02-26 11:34:00,0.0,102.4621,208.3333,50.59,
2026-02-26 11:35:00,0.0,102.4621,208.3333,50.59,
2026-02-26 11:36:00,0.0,102.4621,208.3333,50.59,
2026-02-26 11:37:00,0.0,102.4621,208.3333,50.59,
2026-02-26 11:38:00,0.0,102.4621,208.3333,50.59,
2026-02-26 11:39:00,0.0,102.4621,208.3333,50.59,
2026-02-26 11:40:00,0.0,102.4621,208.3333,50.59,
2026-02-26 11:41:00,0.0,102.4621,208.3333,50.59,
2026-02-26 11:42:00,0.0,102.4621,208.3333,50.59,
2026-02-26 11:43:00,0.0,102.4621,208.3333,50.59,
2026-02-26 11:44:00,0.0,102.4621,208.3333,50.59,
2026-02-26 11:45:00,0.0,102.4621,208.3333,50.59,
2026-02-26 11:46:00,0.0,102.4621,208.3333,50.59,
2026-02-26 11:47:00,0.0,102.4621,208.3333,50.59,
2026-02-26 11:48:00,0.0,102.4621,208.3333,50.59,
2026-02-26 11:49:00,0.0,102.4621,208.3333,50.59,
2026-02-26 11:50:00,0.0,102.4621,208.3333,50.59,
2026-02-26 11:51:00,0.0,102.4621,208.3333,50.59,
2026-02-26 11:52:00,0.0,102.4621,208.3333,50.59,
2026-02-26 11:53:00,0.0,102.4621,208.3333,50.59,
2026-02-26 11:54:00,0.0,102.4621,208.3333,50.59,
2026-02-26 11:55:00,0.0,102.4621,208.3333,50.59,
2026-02-26 11:56:00,0.0,102.4621,208.3333,50.59,
2026-02-26 11:57:00,0.0,102.4621,208.3333,50.59,
2026-02-26 11:58:00,0.0,102.4621,208.3333,50.59,
2026-02-26 11:59:00,0.0,102.4621,208.3333,50.59,
2026-02-26 12:00:00,-100.0,102.4621,210.0,51.23,
2026-02-26 12:01:00,-100.0,102.4621,211.6667,51.87,
2026-02-26 12:02:00,-100.0,102.4621,213.3333,52.51,
2026-02-26 12:03:00,-100.0,102.4621,215.0,53.16,
2026-02-26 12:04:00,-100.0,102.4621,216.6667,53.8,
2026-02-26 12:05:00,-100.0,102.4621,218.3333,54.44,
2026-02-26 12:06:00,-100.0,102.4621,220.0,55.08,
2026-02-26 12:07:00,-100.0,102.4621,221.6667,55.72,
2026-02-26 12:08:00,-100.0,102.4621,223.3333,56.36,
2026-02-26 12:09:00,-100.0,102.4621,225.0,57.0,
2026-02-26 12:10:00,-100.0,102.4621,226.6667,57.64,
2026-02-26 12:11:00,-100.0,102.4621,228.3333,58.28,
2026-02-26 12:12:00,-100.0,102.4621,230.0,58.92,
2026-02-26 12:13:00,-100.0,102.4621,231.6667,59.57,
2026-02-26 12:14:00,-100.0,102.4621,233.3333,60.21,
2026-02-26 12:15:00,-100.0,102.4621,235.0,60.85,
2026-02-26 12:16:00,-100.0,102.4621,236.6667,61.49,
2026-02-26 12:17:00,-100.0,102.4621,238.3333,62.13,
2026-02-26 12:18:00,-100.0,102.4621,240.0,62.77,
2026-02-26 12:19:00,-100.0,102.4621,241.6667,63.41,
2026-02-26 12:20:00,-100.0,102.4621,243.3333,64.05,
2026-02-26 12:21:00,-100.0,102.4621,245.0,64.69,
2026-02-26 12:22:00,-100.0,102.4621,246.6667,65.34,
2026-02-26 12:23:00,-100.0,102.4621,248.3333,65.98,
2026-02-26 12:24:00,-100.0,102.4621,250.0,66.62,
2026-02-26 12:25:00,-100.0,102.4621,251.6667,67.26,
2026-02-26 12:26:00,-100.0,102.4621,253.3333,67.9,
2026-02-26 12:27:00,-100.0,102.4621,255.0,68.54,
2026-02-26 12:28:00,-100.0,102.4621,256.6667,69.18,
2026-02-26 12:29:00,-100.0,102.4621,258.3333,69.82,
2026-02-26 12:30:00,-100.0,102.4621,260.0,70.46,
2026-02-26 12:31:00,-100.0,102.4621,261.6667,71.1,
2026-02-26 12:32:00,-100.0,102.4621,263.3333,71.75,
2026-02-26 12:33:00,-100.0,102.4621,265.0,72.39,
2026-02-26 12:34:00,-100.0,102.4621,266.6667,73.03,
2026-02-26 12:35:00,-100.0,102.4621,268.3333,73.67,
2026-02-26 12:36:00,-100.0,102.4621,270.0,74.31,
2026-02-26 12:37:00,-100.0,102.4621,271.6667,74.95,
2026-02-26 12:38:00,-100.0,102.4621,273.3333,75.59,
2026-02-26 12:39:00,-100.0,102.4621,275.0,76.23,
2026-02-26 12:40:00,-100.0,102.4621,276.6667,76.87,
2026-02-26 12:41:00,-100.0,102.4621,278.3333,77.51,
2026-02-26 12:42:00,-100.0,102.4621,280.0,78.16,
2026-02-26 12:43:00,-100.0,102.4621,281.6667,78.8,
2026-02-26 12:44:00,-100.0,102.4621,283.3333,79.44,
2026-02-26 12:45:00,-100.0,102.4621,285.0,80.08,
2026-02-26 12:46:00,-100.0,102.4621,286.6667,80.72,
2026-02-26 12:47:00,-100.0,102.4621,288.3333,81.36,
2026-02-26 12:48:00,-100.0,102.4621,290.0,82.0,
2026-02-26 12:49:00,-100.0,102.4621,291.6667,82.64,
2026-02-26 12:50:00,-100.0,102.4621,293.3333,83.28,
2026-02-26 12:51:00,-100.0,102.4621,295.0,83.92,
2026-02-26 12:52:00,-100.0,102.4621,296.6667,84.57,
2026-02-26 12:53:00,-100.0,102.4621,298.3333,85.21,
2026-02-26 12:54:00,-100.0,102.4621,300.0,85.85,
2026-02-26 12:55:00,-100.0,102.4621,301.6667,86.49,
2026-02-26 12:56:00,-100.0,102.4621,303.3333,87.13,
2026-02-26 12:57:00,-100.0,102.4621,305.0,87.77,
2026-02-26 12:58:00,-100.0,102.4621,306.6667,88.41,
2026-02-26 12:59:00,-100.0,102.4621,308.3333,89.05,
2026-02-26 13:00:00,-100.0,102.4621,310.0,89.69,
2026-02-26 13:01:00,-100.0,102.4621,311.6667,90.0,
2026-02-26 13:02:00,0.0,102.4621,311.6667,90.0,
2026-02-26 13:03:00,0.0,102.4621,311.6667,90.0,
2026-02-26 13:04:00,0.0,102.4621,311.6667,90.0,
2026-02-26 13:05:00,0.0,102.4621,311.6667,90.0,
2026-02-26 13:06:00,0.0,102.4621,311.6667,90.0,
2026-02-26 13:07:00,0.0,102.4621,311.6667,90.0,
2026-02-26 13:08:00,0.0,102.4621,311.6667,90.0,
2026-02-26 13:09:00,0.0,102.4621,311.6667,90.0,
2026-02-26 13:10:00,0.0,102.4621,311.6667,90.0,
2026-02-26 13:11:00,0.0,102.4621,311.6667,90.0,
2026-02-26 13:12:00,0.0,102.4621,311.6667,90.0,
2026-02-26 13:13:00,0.0,102.4621,311.6667,90.0,
2026-02-26 13:14:00,0.0,102.4621,311.6667,90.0,
2026-02-26 13:15:00,0.0,102.4621,311.6667,90.0,
2026-02-26 13:16:00,0.0,102.4621,311.6667,90.0,
2026-02-26 13:17:00,0.0,102.4621,311.6667,90.0,
2026-02-26 13:18:00,0.0,102.4621,311.6667,90.0,
2026-02-26 13:19:00,0.0,102.4621,311.6667,90.0,
2026-02-26 13:20:00,0.0,102.4621,311.6667,90.0,
2026-02-26 13:21:00,0.0,102.4621,311.6667,90.0,
2026-02-26 13:22:00,0.0,102.4621,311.6667,90.0,
2026-02-26 13:23:00,0.0,102.4621,311.6667,90.0,
2026-02-26 13:24:00,0.0,102.4621,311.6667,90.0,
2026-02-26 13:25:00,0.0,102.4621,311.6667,90.0,
2026-02-26 13:26:00,0.0,102.4621,311.6667,90.0,
2026-02-26 13:27:00,0.0,102.4621,311.6667,90.0,
2026-02-26 13:28:00,0.0,102.4621,311.6667,90.0,
2026-02-26 13:29:00,0.0,102.4621,311.6667,90.0,
2026-02-26 13:30:00,0.0,102.4621,311.6667,90.0,
2026-02-26 13:31:00,0.0,102.4621,311.6667,90.0,
2026-02-26 13:32:00,0.0,102.4621,311.6667,90.0,
2026-02-26 13:33:00,0.0,102.4621,311.6667,90.0,
2026-02-26 13:34:00,0.0,102.4621,311.6667,90.0,
2026-02-26 13:35:00,0.0,102.4621,311.6667,90.0,
2026-02-26 13:36:00,0.0,102.4621,311.6667,90.0,
2026-02-26 13:37:00,0.0,102.4621,311.6667,90.0,
2026-02-26 13:38:00,0.0,102.4621,311.6667,90.0,
2026-02-26 13:39:00,0.0,102.4621,311.6667,90.0,
2026-02-26 13:40:00,0.0,102.4621,311.6667,90.0,
2026-02-26 13:41:00,0.0,102.4621,311.6667,90.0,
2026-02-26 13:42:00,0.0,102.4621,311.6667,90.0,
2026-02-26 13:43:00,0.0,102.4621,311.6667,90.0,
2026-02-26 13:44:00,0.0,102.4621,311.6667,90.0,
2026-02-26 13:45:00,0.0,102.4621,311.6667,90.0,
2026-02-26 13:46:00,0.0,102.4621,311.6667,90.0,
2026-02-26 13:47:00,0.0,102.4621,311.6667,90.0,
2026-02-26 13:48:00,0.0,102.4621,311.6667,90.0,
2026-02-26 13:49:00,0.0,102.4621,311.6667,90.0,
2026-02-26 13:50:00,0.0,102.4621,311.6667,90.0,
2026-02-26 13:51:00,0.0,102.4621,311.6667,90.0,
2026-02-26 13:52:00,0.0,102.4621,311.6667,90.0,
2026-02-26 13:53:00,0.0,102.4621,311.6667,90.0,
2026-02-26 13:54:00,0.0,102.4621,311.6667,90.0,
2026-02-26 13:55:00,0.0,102.4621,311.6667,90.0,
2026-02-26 13:56:00,0.0,102.4621,311.6667,90.0,
2026-02-26 13:57:00,0.0,102.4621,311.6667,90.0,
2026-02-26 13:58:00,0.0,102.4621,311.6667,90.0,
2026-02-26 13:59:00,0.0,102.4621,311.6667,90.0,
2026-02-26 14:00:00,0.0,102.4621,311.6667,90.0,
2026-02-26 14:01:00,0.0,102.4621,311.6667,90.0,
2026-02-26 14:02:00,0.0,102.4621,311.6667,90.0,
2026-02-26 14:03:00,0.0,102.4621,311.6667,90.0,
2026-02-26 14:04:00,0.0,102.4621,311.6667,90.0,
2026-02-26 14:05:00,0.0,102.4621,311.6667,90.0,
2026-02-26 14:06:00,0.0,102.4621,311.6667,90.0,
2026-02-26 14:07:00,0.0,102.4621,311.6667,90.0,
2026-02-26 14:08:00,0.0,102.4621,311.6667,90.0,
2026-02-26 14:09:00,0.0,102.4621,311.6667,90.0,
2026-02-26 14:10:00,0.0,102.4621,311.6667,90.0,
2026-02-26 14:11:00,0.0,102.4621,311.6667,90.0,
2026-02-26 14:12:00,0.0,102.4621,311.6667,90.0,
2026-02-26 14:13:00,0.0,102.4621,311.6667,90.0,
2026-02-26 14:14:00,0.0,102.4621,311.6667,90.0,
2026-02-26 14:15:00,0.0,102.4621,311.6667,90.0,
2026-02-26 14:16:00,0.0,102.4621,311.6667,90.0,
2026-02-26 14:17:00,0.0,102.4621,311.6667,90.0,
2026-02-26 14:18:00,0.0,102.4621,311.6667,90.0,
2026-02-26 14:19:00,0.0,102.4621,311.6667,90.0,
2026-02-26 14:20:00,0.0,102.4621,311.6667,90.0,
2026-02-26 14:21:00,0.0,102.4621,311.6667,90.0,
2026-02-26 14:22:00,0.0,102.4621,311.6667,90.0,
2026-02-26 14:23:00,0.0,102.4621,311.6667,90.0,
2026-02-26 14:24:00,0.0,102.4621,311.6667,90.0,
2026-02-26 14:25:00,0.0,102.4621,311.6667,90.0,
2026-02-26 14:26:00,0.0,102.4621,311.6667,90.0,
2026-02-26 14:27:00,0.0,102.4621,311.6667,90.0,
2026-02-26 14:28:00,0.0,102.4621,311.6667,90.0,
2026-02-26 14:29:00,0.0,102.4621,311.6667,90.0,
2026-02-26 14:30:00,0.0,102.4621,311.6667,90.0,
2026-02-26 14:31:00,0.0,102.4621,311.6667,90.0,
2026-02-26 14:32:00,0.0,102.4621,311.6667,90.0,
2026-02-26 14:33:00,0.0,102.4621,311.6667,90.0,
2026-02-26 14:34:00,0.0,102.4621,311.6667,90.0,
2026-02-26 14:35:00,0.0,102.4621,311.6667,90.0,
2026-02-26 14:36:00,0.0,102.4621,311.6667,90.0,
2026-02-26 14:37:00,0.0,102.4621,311.6667,90.0,
2026-02-26 14:38:00,0.0,102.4621,311.6667,90.0,
2026-02-26 14:39:00,0.0,102.4621,311.6667,90.0,
2026-02-26 14:40:00,0.0,102.4621,311.6667,90.0,
2026-02-26 14:41:00,0.0,102.4621,311.6667,90.0,
2026-02-26 14:42:00,0.0,102.4621,311.6667,90.0,
2026-02-26 14:43:00,0.0,102.4621,311.6667,90.0,
2026-02-26 14:44:00,0.0,102.4621,311.6667,90.0,
2026-02-26 14:45:00,0.0,102.4621,311.6667,90.0,
2026-02-26 14:46:00,0.0,102.4621,311.6667,90.0,
2026-02-26 14:47:00,0.0,102.4621,311.6667,90.0,
2026-02-26 14:48:00,0.0,102.4621,311.6667,90.0,
2026-02-26 14:49:00,0.0,102.4621,311.6667,90.0,
2026-02-26 14:50:00,0.0,102.4621,311.6667,90.0,
2026-02-26 14:51:00,0.0,102.4621,311.6667,90.0,
2026-02-26 14:52:00,0.0,102.4621,311.6667,90.0,
2026-02-26 14:53:00,0.0,102.4621,311.6667,90.0,
2026-02-26 14:54:00,0.0,102.4621,311.6667,90.0,
2026-02-26 14:55:00,0.0,102.4621,311.6667,90.0,
2026-02-26 14:56:00,0.0,102.4621,311.6667,90.0,
2026-02-26 14:57:00,0.0,102.4621,311.6667,90.0,
2026-02-26 14:58:00,0.0,102.4621,311.6667,90.0,
2026-02-26 14:59:00,0.0,102.4621,311.6667,90.0,
2026-02-26 15:00:00,0.0,102.4621,311.6667,90.0,
2026-02-26 15:01:00,0.0,102.4621,311.6667,90.0,
2026-02-26 15:02:00,0.0,102.4621,311.6667,90.0,
2026-02-26 15:03:00,0.0,102.4621,311.6667,90.0,
2026-02-26 15:04:00,0.0,102.4621,311.6667,90.0,
2026-02-26 15:05:00,0.0,102.4621,311.6667,90.0,
2026-02-26 15:06:00,0.0,102.4621,311.6667,90.0,
2026-02-26 15:07:00,0.0,102.4621,311.6667,90.0,
2026-02-26 15:08:00,0.0,102.4621,311.6667,90.0,
2026-02-26 15:09:00,0.0,102.4621,311.6667,90.0,
2026-02-26 15:10:00,0.0,102.4621,311.6667,90.0,
2026-02-26 15:11:00,0.0,102.4621,311.6667,90.0,
2026-02-26 15:12:00,0.0,102.4621,311.6667,90.0,
2026-02-26 15:13:00,0.0,102.4621,311.6667,90.0,
2026-02-26 15:14:00,0.0,102.4621,311.6667,90.0,
2026-02-26 15:15:00,0.0,102.4621,311.6667,90.0,
2026-02-26 15:16:00,0.0,102.4621,311.6667,90.0,
2026-02-26 15:17:00,0.0,102.4621,311.6667,90.0,
2026-02-26 15:18:00,0.0,102.4621,311.6667,90.0,
2026-02-26 15:19:00,0.0,102.4621,311.6667,90.0,
2026-02-26 15:20:00,0.0,102.4621,311.6667,90.0,
2026-02-26 15:21:00,0.0,102.4621,311.6667,90.0,
2026-02-26 15:22:00,0.0,102.4621,311.6667,90.0,
2026-02-26 15:23:00,0.0,102.4621,311.6667,90.0,
2026-02-26 15:24:00,0.0,102.4621,311.6667,90.0,
2026-02-26 15:25:00,0.0,102.4621,311.6667,90.0,
2026-02-26 15:26:00,0.0,102.4621,311.6667,90.0,
2026-02-26 15:27:00,0.0,102.4621,311.6667,90.0,
2026-02-26 15:28:00,0.0,102.4621,311.6667,90.0,
2026-02-26 15:29:00,0.0,102.4621,311.6667,90.0,
2026-02-26 15:30:00,0.0,102.4621,311.6667,90.0,
2026-02-26 15:31:00,0.0,102.4621,311.6667,90.0,
2026-02-26 15:32:00,0.0,102.4621,311.6667,90.0,
2026-02-26 15:33:00,0.0,102.4621,311.6667,90.0,
2026-02-26 15:34:00,0.0,102.4621,311.6667,90.0,
2026-02-26 15:35:00,0.0,102.4621,311.6667,90.0,
2026-02-26 15:36:00,0.0,102.4621,311.6667,90.0,
2026-02-26 15:37:00,0.0,102.4621,311.6667,90.0,
2026-02-26 15:38:00,0.0,102.4621,311.6667,90.0,
2026-02-26 15:39:00,0.0,102.4621,311.6667,90.0,
2026-02-26 15:40:00,0.0,102.4621,311.6667,90.0,
2026-02-26 15:41:00,0.0,102.4621,311.6667,90.0,
2026-02-26 15:42:00,0.0,102.4621,311.6667,90.0,
2026-02-26 15:43:00,0.0,102.4621,311.6667,90.0,
2026-02-26 15:44:00,0.0,102.4621,311.6667,90.0,
2026-02-26 15:45:00,0.0,102.4621,311.6667,90.0,
2026-02-26 15:46:00,0.0,102.4621,311.6667,90.0,
2026-02-26 15:47:00,0.0,102.4621,311.6667,90.0,
2026-02-26 15:48:00,0.0,102.4621,311.6667,90.0,
2026-02-26 15:49:00,0.0,102.4621,311.6667,90.0,
2026-02-26 15:50:00,0.0,102.4621,311.6667,90.0,
2026-02-26 15:51:00,0.0,102.4621,311.6667,90.0,
2026-02-26 15:52:00,0.0,102.4621,311.6667,90.0,
2026-02-26 15:53:00,0.0,102.4621,311.6667,90.0,
2026-02-26 15:54:00,0.0,102.4621,311.6667,90.0,
2026-02-26 15:55:00,0.0,102.4621,311.6667,90.0,
2026-02-26 15:56:00,0.0,102.4621,311.6667,90.0,
2026-02-26 15:57:00,0.0,102.4621,311.6667,90.0,
2026-02-26 15:58:00,0.0,102.4621,311.6667,90.0,
2026-02-26 15:59:00,0.0,102.4621,311.6667,90.0,
2026-02-26 16:00:00,0.0,102.4621,311.6667,90.0,
2026-02-26 16:01:00,0.0,102.4621,311.6667,90.0,
2026-02-26 16:02:00,0.0,102.4621,311.6667,90.0,
2026-02-26 16:03:00,0.0,102.4621,311.6667,90.0,
2026-02-26 16:04:00,0.0,102.4621,311.6667,90.0,
2026-02-26 16:05:00,0.0,102.4621,311.6667,90.0,
2026-02-26 16:06:00,0.0,102.4621,311.6667,90.0,
2026-02-26 16:07:00,0.0,102.4621,311.6667,90.0,
2026-02-26 16:08:00,0.0,102.4621,311.6667,90.0,
2026-02-26 16:09:00,0.0,102.4621,311.6667,90.0,
2026-02-26 16:10:00,0.0,102.4621,311.6667,90.0,
2026-02-26 16:11:00,0.0,102.4621,311.6667,90.0,
2026-02-26 16:12:00,0.0,102.4621,311.6667,90.0,
2026-02-26 16:13:00,0.0,102.4621,311.6667,90.0,
2026-02-26 16:14:00,0.0,102.4621,311.6667,90.0,
2026-02-26 16:15:00,0.0,102.4621,311.6667,90.0,
2026-02-26 16:16:00,0.0,102.4621,311.6667,90.0,
2026-02-26 16:17:00,0.0,102.4621,311.6667,90.0,
2026-02-26 16:18:00,0.0,102.4621,311.6667,90.0,
2026-02-26 16:19:00,0.0,102.4621,311.6667,90.0,
2026-02-26 16:20:00,0.0,102.4621,311.6667,90.0,
2026-02-26 16:21:00,0.0,102.4621,311.6667,90.0,
2026-02-26 16:22:00,0.0,102.4621,311.6667,90.0,
2026-02-26 16:23:00,0.0,102.4621,311.6667,90.0,
2026-02-26 16:24:00,0.0,102.4621,311.6667,90.0,
2026-02-26 16:25:00,0.0,102.4621,311.6667,90.0,
2026-02-26 16:26:00,0.0,102.4621,311.6667,90.0,
2026-02-26 16:27:00,0.0,102.4621,311.6667,90.0,
2026-02-26 16:28:00,0.0,102.4621,311.6667,90.0,
2026-02-26 16:29:00,0.0,102.4621,311.6667,90.0,
2026-02-26 16:30:00,0.0,102.4621,311.6667,90.0,
2026-02-26 16:31:00,0.0,102.4621,311.6667,90.0,
2026-02-26 16:32:00,0.0,102.4621,311.6667,90.0,
2026-02-26 16:33:00,0.0,102.4621,311.6667,90.0,
2026-02-26 16:34:00,0.0,102.4621,311.6667,90.0,
2026-02-26 16:35:00,0.0,102.4621,311.6667,90.0,
2026-02-26 16:36:00,0.0,102.4621,311.6667,90.0,
2026-02-26 16:37:00,0.0,102.4621,311.6667,90.0,
2026-02-26 16:38:00,0.0,102.4621,311.6667,90.0,
2026-02-26 16:39:00,0.0,102.4621,311.6667,90.0,
2026-02-26 16:40:00,0.0,102.4621,311.6667,90.0,
2026-02-26 16:41:00,0.0,102.4621,311.6667,90.0,
2026-02-26 16:42:00,0.0,102.4621,311.6667,90.0,
2026-02-26 16:43:00,0.0,102.4621,311.6667,90.0,
2026-02-26 16:44:00,0.0,102.4621,311.6667,90.0,
2026-02-26 16:45:00,0.0,102.4621,311.6667,90.0,
2026-02-26 16:46:00,0.0,102.4621,311.6667,90.0,
2026-02-26 16:47:00,0.0,102.4621,311.6667,90.0,
2026-02-26 16:48:00,0.0,102.4621,311.6667,90.0,
2026-02-26 16:49:00,0.0,102.4621,311.6667,90.0,
2026-02-26 16:50:00,0.0,102.4621,311.6667,90.0,
2026-02-26 16:51:00,0.0,102.4621,311.6667,90.0,
2026-02-26 16:52:00,0.0,102.4621,311.6667,90.0,
2026-02-26 16:53:00,0.0,102.4621,311.6667,90.0,
2026-02-26 16:54:00,0.0,102.4621,311.6667,90.0,
2026-02-26 16:55:00,0.0,102.4621,311.6667,90.0,
2026-02-26 16:56:00,0.0,102.4621,311.6667,90.0,
2026-02-26 16:57:00,0.0,102.4621,311.6667,90.0,
2026-02-26 16:58:00,0.0,102.4621,311.6667,90.0,
2026-02-26 16:59:00,0.0,102.4621,311.6667,90.0,
2026-02-26 17:00:00,0.0,102.4621,311.6667,90.0,
2026-02-26 17:01:00,0.0,102.4621,311.6667,90.0,
2026-02-26 17:02:00,0.0,102.4621,311.6667,90.0,
2026-02-26 17:03:00,0.0,102.4621,311.6667,90.0,
2026-02-26 17:04:00,0.0,102.4621,311.6667,90.0,
2026-02-26 17:05:00,0.0,102.4621,311.6667,90.0,
2026-02-26 17:06:00,0.0,102.4621,311.6667,90.0,
2026-02-26 17:07:00,0.0,102.4621,311.6667,90.0,
2026-02-26 17:08:00,0.0,102.4621,311.6667,90.0,
2026-02-26 17:09:00,0.0,102.4621,311.6667,90.0,
2026-02-26 17:10:00,0.0,102.4621,311.6667,90.0,
2026-02-26 17:11:00,0.0,102.4621,311.6667,90.0,
2026-02-26 17:12:00,0.0,102.4621,311.6667,90.0,
2026-02-26 17:13:00,0.0,102.4621,311.6667,90.0,
2026-02-26 17:14:00,0.0,102.4621,311.6667,90.0,
2026-02-26 17:15:00,0.0,102.4621,311.6667,90.0,
2026-02-26 17:16:00,0.0,102.4621,311.6667,90.0,
2026-02-26 17:17:00,0.0,102.4621,311.6667,90.0,
2026-02-26 17:18:00,0.0,102.4621,311.6667,90.0,
2026-02-26 17:19:00,0.0,102.4621,311.6667,90.0,
2026-02-26 17:20:00,0.0,102.4621,311.6667,90.0,
2026-02-26 17:21:00,0.0,102.4621,311.6667,90.0,
2026-02-26 17:22:00,0.0,102.4621,311.6667,90.0,
2026-02-26 17:23:00,0.0,102.4621,311.6667,90.0,
2026-02-26 17:24:00,0.0,102.4621,311.6667,90.0,
2026-02-26 17:25:00,0.0,102.4621,311.6667,90.0,
2026-02-26 17:26:00,0.0,102.4621,311.6667,90.0,
2026-02-26 17:27:00,0.0,102.4621,311.6667,90.0,
2026-02-26 17:28:00,0.0,102.4621,311.6667,90.0,
2026-02-26 17:29:00,0.0,102.4621,311.6667,90.0,
2026-02-26 17:30:00,0.0,102.4621,311.6667,90.0,
2026-02-26 17:31:00,0.0,102.4621,311.6667,90.0,
2026-02-26 17:32:00,0.0,102.4621,311.6667,90.0,
2026-02-26 17:33:00,0.0,102.4621,311.6667,90.0,
2026-02-26 17:34:00,0.0,102.4621,311.6667,90.0,
2026-02-26 17:35:00,0.0,102.4621,311.6667,90.0,
2026-02-26 17:36:00,0.0,102.4621,311.6667,90.0,
2026-02-26 17:37:00,0.0,102.4621,311.6667,90.0,
2026-02-26 17:38:00,0.0,102.4621,311.6667,90.0,
2026-02-26 17:39:00,0.0,102.4621,311.6667,90.0,
2026-02-26 17:40:00,0.0,102.4621,311.6667,90.0,
2026-02-26 17:41:00,0.0,102.4621,311.6667,90.0,
2026-02-26 17:42:00,0.0,102.4621,311.6667,90.0,
2026-02-26 17:43:00,0.0,102.4621,311.6667,90.0,
2026-02-26 17:44:00,0.0,102.4621,311.6667,90.0,
2026-02-26 17:45:00,0.0,102.4621,311.6667,90.0,
2026-02-26 17:46:00,0.0,102.4621,311.6667,90.0,
2026-02-26 17:47:00,0.0,102.4621,311.6667,90.0,
2026-02-26 17:48:00,0.0,102.4621,311.6667,90.0,
2026-02-26 17:49:00,0.0,102.4621,311.6667,90.0,
2026-02-26 17:50:00,0.0,102.4621,311.6667,90.0,
2026-02-26 17:51:00,0.0,102.4621,311.6667,90.0,
2026-02-26 17:52:00,0.0,102.4621,311.6667,90.0,
2026-02-26 17:53:00,0.0,102.4621,311.6667,90.0,
2026-02-26 17:54:00,0.0,102.4621,311.6667,90.0,
2026-02-26 17:55:00,0.0,102.4621,311.6667,90.0,
2026-02-26 17:56:00,0.0,102.4621,311.6667,90.0,
2026-02-26 17:57:00,0.0,102.4621,311.6667,90.0,
2026-02-26 17:58:00,0.0,102.4621,311.6667,90.0,
2026-02-26 17:59:00,0.0,102.4621,311.6667,90.0,
2026-02-26 18:00:00,100.0,104.1288,311.6667,89.36,100.0
2026-02-26 18:01:00,100.0,105.7955,311.6667,88.72,100.0
2026-02-26 18:02:00,100.0,107.4621,311.6667,88.08,100.0
2026-02-26 18:03:00,100.0,109.1288,311.6667,87.44,100.0
2026-02-26 18:04:00,100.0,110.7955,311.6667,86.79,100.0
2026-02-26 18:05:00,100.0,112.4621,311.6667,86.15,100.0
2026-02-26 18:06:00,100.0,114.1288,311.6667,85.51,100.0
2026-02-26 18:07:00,100.0,115.7955,311.6667,84.87,100.0
2026-02-26 18:08:00,100.0,117.4621,311.6667,84.23,100.0
2026-02-26 18:09:00,100.0,119.1288,311.6667,83.59,100.0
2026-02-26 18:10:00,100.0,120.7955,311.6667,82.95,100.0
2026-02-26 18:11:00,100.0,122.4621,311.6667,82.31,100.0
2026-02-26 18:12:00,100.0,124.1288,311.6667,81.67,100.0
2026-02-26 18:13:00,100.0,125.7955,311.6667,81.03,100.0
2026-02-26 18:14:00,100.0,127.4621,311.6667,80.38,100.0
2026-02-26 18:15:00,100.0,129.1288,311.6667,79.74,100.0
2026-02-26 18:16:00,100.0,130.7955,311.6667,79.1,100.0
2026-02-26 18:17:00,100.0,132.4621,311.6667,78.46,100.0
2026-02-26 18:18:00,100.0,134.1288,311.6667,77.82,100.0
2026-02-26 18:19:00,100.0,135.7955,311.6667,77.18,100.0
2026-02-26 18:20:00,100.0,137.4621,311.6667,76.54,100.0
2026-02-26 18:21:00,100.0,139.1288,311.6667,75.9,100.0
2026-02-26 18:22:00,100.0,140.7955,311.6667,75.26,100.0
2026-02-26 18:23:00,100.0,142.4621,311.6667,74.62,100.0
2026-02-26 18:24:00,100.0,144.1288,311.6667,73.97,100.0
2026-02-26 18:25:00,100.0,145.7955,311.6667,73.33,100.0
2026-02-26 18:26:00,100.0,147.4621,311.6667,72.69,100.0
2026-02-26 18:27:00,100.0,149.1288,311.6667,72.05,100.0
2026-02-26 18:28:00,100.0,150.7955,311.6667,71.41,100.0
2026-02-26 18:29:00,100.0,152.4621,311.6667,70.77,100.0
2026-02-26 18:30:00,100.0,154.1288,311.6667,70.13,100.0
2026-02-26 18:31:00,100.0,155.7955,311.6667,69.49,100.0
2026-02-26 18:32:00,100.0,157.4621,311.6667,68.85,100.0
2026-02-26 18:33:00,100.0,159.1288,311.6667,68.21,100.0
2026-02-26 18:34:00,100.0,160.7955,311.6667,67.56,100.0
2026-02-26 18:35:00,100.0,162.4621,311.6667,66.92,100.0
2026-02-26 18:36:00,100.0,164.1288,311.6667,66.28,100.0
2026-02-26 18:37:00,100.0,165.7955,311.6667,65.64,100.0
2026-02-26 18:38:00,100.0,167.4621,311.6667,65.0,100.0
2026-02-26 18:39:00,100.0,169.1288,311.6667,64.36,100.0
2026-02-26 18:40:00,100.0,170.7955,311.6667,63.72,100.0
2026-02-26 18:41:00,100.0,172.4621,311.6667,63.08,100.0
2026-02-26 18:42:00,100.0,174.1288,311.6667,62.44,100.0
2026-02-26 18:43:00,100.0,175.7955,311.6667,61.79,100.0
2026-02-26 18:44:00,100.0,177.4621,311.6667,61.15,100.0
2026-02-26 18:45:00,100.0,179.1288,311.6667,60.51,100.0
2026-02-26 18:46:00,100.0,180.7955,311.6667,59.87,100.0
2026-02-26 18:47:00,100.0,182.4621,311.6667,59.23,100.0
2026-02-26 18:48:00,100.0,184.1288,311.6667,58.59,100.0
2026-02-26 18:49:00,100.0,185.7955,311.6667,57.95,100.0
2026-02-26 18:50:00,100.0,187.4621,311.6667,57.31,100.0
2026-02-26 18:51:00,100.0,189.1288,311.6667,56.67,100.0
2026-02-26 18:52:00,100.0,190.7955,311.6667,56.03,100.0
2026-02-26 18:53:00,100.0,192.4621,311.6667,55.38,100.0
2026-02-26 18:54:00,100.0,194.1288,311.6667,54.74,100.0
2026-02-26 18:55:00,100.0,195.7955,311.6667,54.1,100.0
2026-02-26 18:56:00,100.0,197.4621,311.6667,53.46,100.0
2026-02-26 18:57:00,100.0,199.1288,311.6667,52.82,100.0
2026-02-26 18:58:00,100.0,200.7955,311.6667,52.18,100.0
2026-02-26 18:59:00,100.0,202.4621,311.6667,51.54,100.0
2026-02-26 19:00:00,100.0,204.1288,311.6667,50.9,100.0
2026-02-26 19:01:00,100.0,205.7955,311.6667,50.26,100.0
2026-02-26 19:02:00,100.0,207.4621,311.6667,49.62,100.0
2026-02-26 19:03:00,100.0,209.1288,311.6667,48.97,100.0
2026-02-26 19:04:00,100.0,210.7955,311.6667,48.33,100.0
2026-02-26 19:05:00,100.0,212.4621,311.6667,47.69,100.0
2026-02-26 19:06:00,100.0,214.1288,311.6667,47.05,100.0
2026-02-26 19:07:00,100.0,215.7955,311.6667,46.41,100.0
2026-02-26 19:08:00,100.0,217.4621,311.6667,45.77,100.0
2026-02-26 19:09:00,100.0,219.1288,311.6667,45.13,100.0
2026-02-26 19:10:00,100.0,220.7955,311.6667,44.49,100.0
2026-02-26 19:11:00,100.0,222.4621,311.6667,43.85,100.0
2026-02-26 19:12:00,100.0,224.1288,311.6667,43.21,100.0
2026-02-26 19:13:00,100.0,225.7955,311.6667,42.56,100.0
2026-02-26 19:14:00,100.0,227.4621,311.6667,41.92,100.0
2026-02-26 19:15:00,100.0,229.1288,311.6667,41.28,100.0
2026-02-26 19:16:00,100.0,230.7955,311.6667,40.64,100.0
2026-02-26 19:17:00,100.0,232.4621,311.6667,40.0,100.0
2026-02-26 19:18:00,100.0,234.1288,311.6667,39.36,100.0
2026-02-26 19:19:00,100.0,235.7955,311.6667,38.72,100.0
2026-02-26 19:20:00,100.0,237.4621,311.6667,38.08,100.0
2026-02-26 19:21:00,100.0,239.1288,311.6667,37.44,100.0
2026-02-26 19:22:00,100.0,240.7955,311.6667,36.79,100.0
2026-02-26 19:23:00,100.0,242.4621,311.6667,36.15,100.0
2026-02-26 19:24:00,100.0,244.1288,311.6667,35.51,100.0
2026-02-26 19:25:00,100.0,245.7955,311.6667,34.87,100.0
2026-02-26 19:26:00,100.0,247.4621,311.6667,34.23,100.0
2026-02-26 19:27:00,100.0,249.1288,311.6667,33.59,100.0
2026-02-26 19:28:00,100.0,250.7955,311.6667,32.95,100.0
2026-02-26 19:29:00,100.0,252.4621,311.6667,32.31,100.0
2026-02-26 19:30:00,100.0,254.1288,311.6667,31.67,100.0
2026-02-26 19:31:00,100.0,255.7955,311.6667,31.03,100.0
2026-02-26 19:32:00,100.0,257.4621,311.6667,30.38,100.0
2026-02-26 19:33:00,100.0,259.1288,311.6667,29.74,100.0
2026-02-26 19:34:00,100.0,260.7955,311.6667,29.1,100.0
2026-02-26 19:35:00,100.0,262.4621,311.6667,28.46,100.0
2026-02-26 19:36:00,100.0,264.1288,311.6667,27.82,100.0
2026-02-26 19:37:00,100.0,265.7955,311.6667,27.18,100.0
2026-02-26 19:38:00,100.0,267.4621,311.6667,26.54,100.0
2026-02-26 19:39:00,100.0,269.1288,311.6667,25.9,100.0
2026-02-26 19:40:00,100.0,270.7955,311.6667,25.26,100.0
2026-02-26 19:41:00,100.0,272.4621,311.6667,24.62,100.0
2026-02-26 19:42:00,100.0,274.1288,311.6667,23.97,100.0
2026-02-26 19:43:00,100.0,275.7955,311.6667,23.33,100.0
2026-02-26 19:44:00,100.0,277.4621,311.6667,22.69,100.0
2026-02-26 19:45:00,100.0,279.1288,311.6667,22.05,100.0
2026-02-26 19:46:00,100.0,280.7955,311.6667,21.41,100.0
2026-02-26 19:47:00,100.0,282.4621,311.6667,20.77,100.0
2026-02-26 19:48:00,100.0,284.1288,311.6667,20.13,100.0
2026-02-26 19:49:00,100.0,285.7955,311.6667,19.49,100.0
2026-02-26 19:50:00,100.0,287.4621,311.6667,18.85,100.0
2026-02-26 19:51:00,100.0,289.1288,311.6667,18.21,100.0
2026-02-26 19:52:00,100.0,290.7955,311.6667,17.56,100.0
2026-02-26 19:53:00,100.0,292.4621,311.6667,16.92,100.0
2026-02-26 19:54:00,100.0,294.1288,311.6667,16.28,100.0
2026-02-26 19:55:00,100.0,295.7955,311.6667,15.64,100.0
2026-02-26 19:56:00,100.0,297.4621,311.6667,15.0,100.0
2026-02-26 19:57:00,100.0,299.1288,311.6667,14.36,100.0
2026-02-26 19:58:00,100.0,300.7955,311.6667,13.72,100.0
2026-02-26 19:59:00,100.0,302.4621,311.6667,13.08,100.0
2026-02-26 20:00:00,0.0,302.4621,311.6667,13.08,
2026-02-26 20:01:00,0.0,302.4621,311.6667,13.08,
2026-02-26 20:02:00,0.0,302.4621,311.6667,13.08,
2026-02-26 20:03:00,0.0,302.4621,311.6667,13.08,
2026-02-26 20:04:00,0.0,302.4621,311.6667,13.08,
2026-02-26 20:05:00,0.0,302.4621,311.6667,13.08,
2026-02-26 20:06:00,0.0,302.4621,311.6667,13.08,
2026-02-26 20:07:00,0.0,302.4621,311.6667,13.08,
2026-02-26 20:08:00,0.0,302.4621,311.6667,13.08,
2026-02-26 20:09:00,0.0,302.4621,311.6667,13.08,
2026-02-26 20:10:00,0.0,302.4621,311.6667,13.08,
2026-02-26 20:11:00,0.0,302.4621,311.6667,13.08,
2026-02-26 20:12:00,0.0,302.4621,311.6667,13.08,
2026-02-26 20:13:00,0.0,302.4621,311.6667,13.08,
2026-02-26 20:14:00,0.0,302.4621,311.6667,13.08,
2026-02-26 20:15:00,0.0,302.4621,311.6667,13.08,
2026-02-26 20:16:00,0.0,302.4621,311.6667,13.08,
2026-02-26 20:17:00,0.0,302.4621,311.6667,13.08,
2026-02-26 20:18:00,0.0,302.4621,311.6667,13.08,
2026-02-26 20:19:00,0.0,302.4621,311.6667,13.08,
2026-02-26 20:20:00,0.0,302.4621,311.6667,13.08,
2026-02-26 20:21:00,0.0,302.4621,311.6667,13.08,
2026-02-26 20:22:00,0.0,302.4621,311.6667,13.08,
2026-02-26 20:23:00,0.0,302.4621,311.6667,13.08,
2026-02-26 20:24:00,0.0,302.4621,311.6667,13.08,
2026-02-26 20:25:00,0.0,302.4621,311.6667,13.08,
2026-02-26 20:26:00,0.0,302.4621,311.6667,13.08,
2026-02-26 20:27:00,0.0,302.4621,311.6667,13.08,
2026-02-26 20:28:00,0.0,302.4621,311.6667,13.08,
2026-02-26 20:29:00,0.0,302.4621,311.6667,13.08,
2026-02-26 20:30:00,0.0,302.4621,311.6667,13.08,
2026-02-26 20:31:00,0.0,302.4621,311.6667,13.08,
2026-02-26 20:32:00,0.0,302.4621,311.6667,13.08,
2026-02-26 20:33:00,0.0,302.4621,311.6667,13.08,
2026-02-26 20:34:00,0.0,302.4621,311.6667,13.08,
2026-02-26 20:35:00,0.0,302.4621,311.6667,13.08,
2026-02-26 20:36:00,0.0,302.4621,311.6667,13.08,
2026-02-26 20:37:00,0.0,302.4621,311.6667,13.08,
2026-02-26 20:38:00,0.0,302.4621,311.6667,13.08,
2026-02-26 20:39:00,0.0,302.4621,311.6667,13.08,
2026-02-26 20:40:00,0.0,302.4621,311.6667,13.08,
2026-02-26 20:41:00,0.0,302.4621,311.6667,13.08,
2026-02-26 20:42:00,0.0,302.4621,311.6667,13.08,
2026-02-26 20:43:00,0.0,302.4621,311.6667,13.08,
2026-02-26 20:44:00,0.0,302.4621,311.6667,13.08,
2026-02-26 20:45:00,0.0,302.4621,311.6667,13.08,
2026-02-26 20:46:00,0.0,302.4621,311.6667,13.08,
2026-02-26 20:47:00,0.0,302.4621,311.6667,13.08,
2026-02-26 20:48:00,0.0,302.4621,311.6667,13.08,
2026-02-26 20:49:00,0.0,302.4621,311.6667,13.08,
2026-02-26 20:50:00,0.0,302.4621,311.6667,13.08,
2026-02-26 20:51:00,0.0,302.4621,311.6667,13.08,
2026-02-26 20:52:00,0.0,302.4621,311.6667,13.08,
2026-02-26 20:53:00,0.0,302.4621,311.6667,13.08,
2026-02-26 20:54:00,0.0,302.4621,311.6667,13.08,
2026-02-26 20:55:00,0.0,302.4621,311.6667,13.08,
2026-02-26 20:56:00,0.0,302.4621,311.6667,13.08,
2026-02-26 20:57:00,0.0,302.4621,311.6667,13.08,
2026-02-26 20:58:00,0.0,302.4621,311.6667,13.08,
2026-02-26 20:59:00,0.0,302.4621,311.6667,13.08,
2026-02-26 21:00:00,0.0,302.4621,311.6667,13.08,
2026-02-26 21:01:00,0.0,302.4621,311.6667,13.08,
2026-02-26 21:02:00,0.0,302.4621,311.6667,13.08,
2026-02-26 21:03:00,0.0,302.4621,311.6667,13.08,
2026-02-26 21:04:00,0.0,302.4621,311.6667,13.08,
2026-02-26 21:05:00,0.0,302.4621,311.6667,13.08,
2026-02-26 21:06:00,0.0,302.4621,311.6667,13.08,
2026-02-26 21:07:00,0.0,302.4621,311.6667,13.08,
2026-02-26 21:08:00,0.0,302.4621,311.6667,13.08,
2026-02-26 21:09:00,0.0,302.4621,311.6667,13.08,
2026-02-26 21:10:00,0.0,302.4621,311.6667,13.08,
2026-02-26 21:11:00,0.0,302.4621,311.6667,13.08,
2026-02-26 21:12:00,0.0,302.4621,311.6667,13.08,
2026-02-26 21:13:00,0.0,302.4621,311.6667,13.08,
2026-02-26 21:14:00,0.0,302.4621,311.6667,13.08,
2026-02-26 21:15:00,0.0,302.4621,311.6667,13.08,
2026-02-26 21:16:00,0.0,302.4621,311.6667,13.08,
2026-02-26 21:17:00,0.0,302.4621,311.6667,13.08,
2026-02-26 21:18:00,0.0,302.4621,311.6667,13.08,
2026-02-26 21:19:00,0.0,302.4621,311.6667,13.08,
2026-02-26 21:20:00,0.0,302.4621,311.6667,13.08,
2026-02-26 21:21:00,0.0,302.4621,311.6667,13.08,
2026-02-26 21:22:00,0.0,302.4621,311.6667,13.08,
2026-02-26 21:23:00,0.0,302.4621,311.6667,13.08,
2026-02-26 21:24:00,0.0,302.4621,311.6667,13.08,
2026-02-26 21:25:00,0.0,302.4621,311.6667,13.08,
2026-02-26 21:26:00,0.0,302.4621,311.6667,13.08,
2026-02-26 21:27:00,0.0,302.4621,311.6667,13.08,
2026-02-26 21:28:00,0.0,302.4621,311.6667,13.08,
2026-02-26 21:29:00,0.0,302.4621,311.6667,13.08,
2026-02-26 21:30:00,0.0,302.4621,311.6667,13.08,
2026-02-26 21:31:00,0.0,302.4621,311.6667,13.08,
2026-02-26 21:32:00,0.0,302.4621,311.6667,13.08,
2026-02-26 21:33:00,0.0,302.4621,311.6667,13.08,
2026-02-26 21:34:00,0.0,302.4621,311.6667,13.08,
2026-02-26 21:35:00,0.0,302.4621,311.6667,13.08,
2026-02-26 21:36:00,0.0,302.4621,311.6667,13.08,
2026-02-26 21:37:00,0.0,302.4621,311.6667,13.08,
2026-02-26 21:38:00,0.0,302.4621,311.6667,13.08,
2026-02-26 21:39:00,0.0,302.4621,311.6667,13.08,
2026-02-26 21:40:00,0.0,302.4621,311.6667,13.08,
2026-02-26 21:41:00,0.0,302.4621,311.6667,13.08,
2026-02-26 21:42:00,0.0,302.4621,311.6667,13.08,
2026-02-26 21:43:00,0.0,302.4621,311.6667,13.08,
2026-02-26 21:44:00,0.0,302.4621,311.6667,13.08,
2026-02-26 21:45:00,0.0,302.4621,311.6667,13.08,
2026-02-26 21:46:00,0.0,302.4621,311.6667,13.08,
2026-02-26 21:47:00,0.0,302.4621,311.6667,13.08,
2026-02-26 21:48:00,0.0,302.4621,311.6667,13.08,
2026-02-26 21:49:00,0.0,302.4621,311.6667,13.08,
2026-02-26 21:50:00,0.0,302.4621,311.6667,13.08,
2026-02-26 21:51:00,0.0,302.4621,311.6667,13.08,
2026-02-26 21:52:00,0.0,302.4621,311.6667,13.08,
2026-02-26 21:53:00,0.0,302.4621,311.6667,13.08,
2026-02-26 21:54:00,0.0,302.4621,311.6667,13.08,
2026-02-26 21:55:00,0.0,302.4621,311.6667,13.08,
2026-02-26 21:56:00,0.0,302.4621,311.6667,13.08,
2026-02-26 21:57:00,0.0,302.4621,311.6667,13.08,
2026-02-26 21:58:00,0.0,302.4621,311.6667,13.08,
2026-02-26 21:59:00,0.0,302.4621,311.6667,13.08,
2026-02-26 22:00:00,0.0,302.4621,311.6667,13.08,
2026-02-26 22:01:00,0.0,302.4621,311.6667,13.08,
2026-02-26 22:02:00,0.0,302.4621,311.6667,13.08,
2026-02-26 22:03:00,0.0,302.4621,311.6667,13.08,
2026-02-26 22:04:00,0.0,302.4621,311.6667,13.08,
2026-02-26 22:05:00,0.0,302.4621,311.6667,13.08,
2026-02-26 22:06:00,0.0,302.4621,311.6667,13.08,
2026-02-26 22:07:00,0.0,302.4621,311.6667,13.08,
2026-02-26 22:08:00,0.0,302.4621,311.6667,13.08,
2026-02-26 22:09:00,0.0,302.4621,311.6667,13.08,
2026-02-26 22:10:00,0.0,302.4621,311.6667,13.08,
2026-02-26 22:11:00,0.0,302.4621,311.6667,13.08,
2026-02-26 22:12:00,0.0,302.4621,311.6667,13.08,
2026-02-26 22:13:00,0.0,302.4621,311.6667,13.08,
2026-02-26 22:14:00,0.0,302.4621,311.6667,13.08,
2026-02-26 22:15:00,0.0,302.4621,311.6667,13.08,
2026-02-26 22:16:00,0.0,302.4621,311.6667,13.08,
2026-02-26 22:17:00,0.0,302.4621,311.6667,13.08,
2026-02-26 22:18:00,0.0,302.4621,311.6667,13.08,
2026-02-26 22:19:00,0.0,302.4621,311.6667,13.08,
2026-02-26 22:20:00,0.0,302.4621,311.6667,13.08,
2026-02-26 22:21:00,0.0,302.4621,311.6667,13.08,
2026-02-26 22:22:00,0.0,302.4621,311.6667,13.08,
2026-02-26 22:23:00,0.0,302.4621,311.6667,13.08,
2026-02-26 22:24:00,0.0,302.4621,311.6667,13.08,
2026-02-26 22:25:00,0.0,302.4621,311.6667,13.08,
2026-02-26 22:26:00,0.0,302.4621,311.6667,13.08,
2026-02-26 22:27:00,0.0,302.4621,311.6667,13.08,
2026-02-26 22:28:00,0.0,302.4621,311.6667,13.08,
2026-02-26 22:29:00,0.0,302.4621,311.6667,13.08,
2026-02-26 22:30:00,0.0,302.4621,311.6667,13.08,
2026-02-26 22:31:00,0.0,302.4621,311.6667,13.08,
2026-02-26 22:32:00,0.0,302.4621,311.6667,13.08,
2026-02-26 22:33:00,0.0,302.4621,311.6667,13.08,
2026-02-26 22:34:00,0.0,302.4621,311.6667,13.08,
2026-02-26 22:35:00,0.0,302.4621,311.6667,13.08,
2026-02-26 22:36:00,0.0,302.4621,311.6667,13.08,
2026-02-26 22:37:00,0.0,302.4621,311.6667,13.08,
2026-02-26 22:38:00,0.0,302.4621,311.6667,13.08,
2026-02-26 22:39:00,0.0,302.4621,311.6667,13.08,
2026-02-26 22:40:00,0.0,302.4621,311.6667,13.08,
2026-02-26 22:41:00,0.0,302.4621,311.6667,13.08,
2026-02-26 22:42:00,0.0,302.4621,311.6667,13.08,
2026-02-26 22:43:00,0.0,302.4621,311.6667,13.08,
2026-02-26 22:44:00,0.0,302.4621,311.6667,13.08,
2026-02-26 22:45:00,0.0,302.4621,311.6667,13.08,
2026-02-26 22:46:00,0.0,302.4621,311.6667,13.08,
2026-02-26 22:47:00,0.0,302.4621,311.6667,13.08,
2026-02-26 22:48:00,0.0,302.4621,311.6667,13.08,
2026-02-26 22:49:00,0.0,302.4621,311.6667,13.08,
2026-02-26 22:50:00,0.0,302.4621,311.6667,13.08,
2026-02-26 22:51:00,0.0,302.4621,311.6667,13.08,
2026-02-26 22:52:00,0.0,302.4621,311.6667,13.08,
2026-02-26 22:53:00,0.0,302.4621,311.6667,13.08,
2026-02-26 22:54:00,0.0,302.4621,311.6667,13.08,
2026-02-26 22:55:00,0.0,302.4621,311.6667,13.08,
2026-02-26 22:56:00,0.0,302.4621,311.6667,13.08,
2026-02-26 22:57:00,0.0,302.4621,311.6667,13.08,
2026-02-26 22:58:00,0.0,302.4621,311.6667,13.08,
2026-02-26 22:59:00,0.0,302.4621,311.6667,13.08,
2026-02-26 23:00:00,0.0,302.4621,311.6667,13.08,
2026-02-26 23:01:00,0.0,302.4621,311.6667,13.08,
2026-02-26 23:02:00,0.0,302.4621,311.6667,13.08,
2026-02-26 23:03:00,0.0,302.4621,311.6667,13.08,
2026-02-26 23:04:00,0.0,302.4621,311.6667,13.08,
2026-02-26 23:05:00,0.0,302.4621,311.6667,13.08,
2026-02-26 23:06:00,0.0,302.4621,311.6667,13.08,
2026-02-26 23:07:00,0.0,302.4621,311.6667,13.08,
2026-02-26 23:08:00,0.0,302.4621,311.6667,13.08,
2026-02-26 23:09:00,0.0,302.4621,311.6667,13.08,
2026-02-26 23:10:00,0.0,302.4621,311.6667,13.08,
2026-02-26 23:11:00,0.0,302.4621,311.6667,13.08,
2026-02-26 23:12:00,0.0,302.4621,311.6667,13.08,
2026-02-26 23:13:00,0.0,302.4621,311.6667,13.08,
2026-02-26 23:14:00,0.0,302.4621,311.6667,13.08,
2026-02-26 23:15:00,0.0,302.4621,311.6667,13.08,
2026-02-26 23:16:00,0.0,302.4621,311.6667,13.08,
2026-02-26 23:17:00,0.0,302.4621,311.6667,13.08,
2026-02-26 23:18:00,0.0,302.4621,311.6667,13.08,
2026-02-26 23:19:00,0.0,302.4621,311.6667,13.08,
2026-02-26 23:20:00,0.0,302.4621,311.6667,13.08,
2026-02-26 23:21:00,0.0,302.4621,311.6667,13.08,
2026-02-26 23:22:00,0.0,302.4621,311.6667,13.08,
2026-02-26 23:23:00,0.0,302.4621,311.6667,13.08,
2026-02-26 23:24:00,0.0,302.4621,311.6667,13.08,
2026-02-26 23:25:00,0.0,302.4621,311.6667,13.08,
2026-02-26 23:26:00,0.0,302.4621,311.6667,13.08,
2026-02-26 23:27:00,0.0,302.4621,311.6667,13.08,
2026-02-26 23:28:00,0.0,302.4621,311.6667,13.08,
2026-02-26 23:29:00,0.0,302.4621,311.6667,13.08,
2026-02-26 23:30:00,0.0,302.4621,311.6667,13.08,
2026-02-26 23:31:00,0.0,302.4621,311.6667,13.08,
2026-02-26 23:32:00,0.0,302.4621,311.6667,13.08,
2026-02-26 23:33:00,0.0,302.4621,311.6667,13.08,
2026-02-26 23:34:00,0.0,302.4621,311.6667,13.08,
2026-02-26 23:35:00,0.0,302.4621,311.6667,13.08,
2026-02-26 23:36:00,0.0,302.4621,311.6667,13.08,
2026-02-26 23:37:00,0.0,302.4621,311.6667,13.08,
2026-02-26 23:38:00,0.0,302.4621,311.6667,13.08,
2026-02-26 23:39:00,0.0,302.4621,311.6667,13.08,
2026-02-26 23:40:00,0.0,302.4621,311.6667,13.08,
2026-02-26 23:41:00,0.0,302.4621,311.6667,13.08,
2026-02-26 23:42:00,0.0,302.4621,311.6667,13.08,
2026-02-26 23:43:00,0.0,302.4621,311.6667,13.08,
2026-02-26 23:44:00,0.0,302.4621,311.6667,13.08,
2026-02-26 23:45:00,0.0,302.4621,311.6667,13.08,
2026-02-26 23:46:00,0.0,302.4621,311.6667,13.08,
2026-02-26 23:47:00,0.0,302.4621,311.6667,13.08,
2026-02-26 23:48:00,0.0,302.4621,311.6667,13.08,
2026-02-26 23:49:00,0.0,302.4621,311.6667,13.08,
2026-02-26 23:50:00,0.0,302.4621,311.6667,13.08,
2026-02-26 23:51:00,0.0,302.4621,311.6667,13.08,
2026-02-26 23:52:00,0.0,302.4621,311.6667,13.08,
2026-02-26 23:53:00,0.0,302.4621,311.6667,13.08,
2026-02-26 23:54:00,0.0,302.4621,311.6667,13.08,
2026-02-26 23:55:00,0.0,302.4621,311.6667,13.08,
2026-02-26 23:56:00,0.0,302.4621,311.6667,13.08,
2026-02-26 23:57:00,0.0,302.4621,311.6667,13.08,
2026-02-26 23:58:00,0.0,302.4621,311.6667,13.08,
2026-02-26 23:59:00,0.0,302.4621,311.6667,13.08,
